Age,SibSp,Parch,log(Fare),1st class,2nd class,3rd class,Female,Male,Miss,Mr,Mrs,B,C,D,E,Unknown,Survived
-0.527668557291984,0.5225107881133605,-0.5067873731938901,-0.9764097391695418,0.0,0.0,1.0,0.0,1.0,0.0,1.0,0.0,0.0,0.0,0.0,0.0,1.0,0
0.5770938751757179,0.5225107881133605,-0.5067873731938901,1.3071885364973355,1.0,0.0,0.0,1.0,0.0,0.0,0.0,1.0,0.0,1.0,0.0,0.0,0.0,1
-0.25147794917505856,-0.5527137238424564,-0.5067873731938901,-0.8936641754669489,0.0,0.0,1.0,1.0,0.0,1.0,0.0,0.0,0.0,0.0,0.0,0.0,1.0,1
0.36995091908802374,0.5225107881133605,-0.5067873731938901,1.0023142620412646,1.0,0.0,0.0,1.0,0.0,0.0,0.0,1.0,0.0,1.0,0.0,0.0,0.0,1
0.36995091908802374,-0.5527137238424564,-0.5067873731938901,-0.879030209046522,0.0,0.0,1.0,0.0,1.0,0.0,1.0,0.0,0.0,0.0,0.0,0.0,1.0,0
1.6818563076434199,-0.5527137238424564,-0.5067873731938901,0.9779671765790091,1.0,0.0,0.0,0.0,1.0,0.0,1.0,0.0,0.0,0.0,0.0,1.0,0.0,0
-1.9086215978766115,2.672959812024994,0.664747073929648,0.05916551859723972,0.0,0.0,1.0,0.0,1.0,0.0,1.0,0.0,0.0,0.0,0.0,0.0,1.0,0
-0.1824302971458272,-0.5527137238424564,1.8362815210531864,-0.5705469590568808,0.0,0.0,1.0,1.0,0.0,0.0,0.0,1.0,0.0,0.0,0.0,0.0,1.0,1
-1.080049773525835,0.5225107881133605,-0.5067873731938901,0.41881950263727635,0.0,1.0,0.0,1.0,0.0,0.0,0.0,1.0,0.0,0.0,0.0,0.0,1.0,1
-1.7705262938181487,0.5225107881133605,0.664747073929648,-0.17323790081889628,0.0,0.0,1.0,1.0,0.0,1.0,0.0,0.0,0.0,0.0,0.0,0.0,0.0,1
1.9580469157603453,-0.5527137238424564,-0.5067873731938901,0.2922798673255464,1.0,0.0,0.0,1.0,0.0,1.0,0.0,0.0,0.0,1.0,0.0,0.0,0.0,1
-0.6657638613504469,-0.5527137238424564,-0.5067873731938901,-0.879030209046522,0.0,0.0,1.0,0.0,1.0,0.0,1.0,0.0,0.0,0.0,0.0,0.0,1.0,0
0.6461415272049492,0.5225107881133605,5.350884862423801,0.45882752275355093,0.0,0.0,1.0,0.0,1.0,0.0,1.0,0.0,0.0,0.0,0.0,0.0,1.0,0
-1.080049773525835,-0.5527137238424564,-0.5067873731938901,-0.9020440453887143,0.0,0.0,1.0,1.0,0.0,1.0,0.0,0.0,0.0,0.0,0.0,0.0,1.0,0
1.7509039596726512,-0.5527137238424564,-0.5067873731938901,-0.21569413072795277,0.0,1.0,0.0,1.0,0.0,0.0,0.0,1.0,0.0,0.0,0.0,0.0,1.0,1
-1.9086215978766115,3.748184323980811,0.664747073929648,0.38629383533178935,0.0,0.0,1.0,0.0,1.0,0.0,1.0,0.0,0.0,0.0,0.0,0.0,1.0,0
0.09376031097109827,0.5225107881133605,-0.5067873731938901,-0.09866638540407627,0.0,0.0,1.0,1.0,0.0,0.0,0.0,1.0,0.0,0.0,0.0,0.0,1.0,0
0.36995091908802374,-0.5527137238424564,-0.5067873731938901,0.27106225105153775,0.0,1.0,0.0,0.0,1.0,0.0,1.0,0.0,0.0,0.0,0.0,0.0,1.0,0
0.3009032670587924,-0.5527137238424564,-0.5067873731938901,-0.419978337229253,0.0,1.0,0.0,0.0,1.0,0.0,1.0,0.0,0.0,0.0,1.0,0.0,0.0,1
-1.0110021214966036,-0.5527137238424564,-0.5067873731938901,-0.8814512283751752,0.0,0.0,1.0,1.0,0.0,1.0,0.0,0.0,0.0,0.0,0.0,0.0,1.0,1
-0.11338264511659583,-0.5527137238424564,-0.5067873731938901,0.5882641772427607,1.0,0.0,0.0,0.0,1.0,0.0,1.0,0.0,0.0,0.0,0.0,0.0,0.0,1
-1.4943356857012233,2.672959812024994,0.664747073929648,0.05916551859723972,0.0,0.0,1.0,1.0,0.0,1.0,0.0,0.0,0.0,0.0,0.0,0.0,1.0,0
0.5770938751757179,0.5225107881133605,5.350884862423801,0.46248864650146676,0.0,0.0,1.0,1.0,0.0,0.0,0.0,1.0,0.0,0.0,0.0,0.0,1.0,1
-0.7348115133796782,2.672959812024994,1.8362815210531864,2.6701170546826707,1.0,0.0,0.0,0.0,1.0,0.0,1.0,0.0,0.0,1.0,0.0,0.0,0.0,0
0.7151891792341806,-0.5527137238424564,-0.5067873731938901,0.3360699984503438,1.0,0.0,0.0,0.0,1.0,0.0,1.0,0.0,0.0,0.0,0.0,0.0,1.0,0
2.5104281319941966,-0.5527137238424564,-0.5067873731938901,-0.6269500681148421,0.0,1.0,0.0,0.0,1.0,0.0,1.0,0.0,0.0,0.0,0.0,0.0,1.0,0
-0.11338264511659583,0.5225107881133605,-0.5067873731938901,1.4548106888508805,1.0,0.0,0.0,0.0,1.0,0.0,1.0,0.0,0.0,0.0,0.0,0.0,1.0,0
0.8532844832926434,0.5225107881133605,-0.5067873731938901,0.9807003974968863,1.0,0.0,0.0,0.0,1.0,0.0,1.0,0.0,0.0,0.0,0.0,0.0,1.0,0
-0.5967162093212154,-0.5527137238424564,-0.5067873731938901,-0.879030209046522,0.0,0.0,1.0,0.0,1.0,0.0,1.0,0.0,0.0,0.0,0.0,0.0,1.0,0
-0.8038591654089096,1.5977353000691772,-0.5067873731938901,-0.09866638540407627,0.0,0.0,1.0,1.0,0.0,1.0,0.0,0.0,0.0,0.0,0.0,0.0,1.0,0
-1.080049773525835,0.5225107881133605,-0.5067873731938901,-0.5611885621555408,0.0,0.0,1.0,1.0,0.0,1.0,0.0,0.0,0.0,0.0,0.0,0.0,1.0,1
0.7151891792341806,0.5225107881133605,-0.5067873731938901,-0.7251755519102251,0.0,0.0,1.0,1.0,0.0,0.0,0.0,1.0,0.0,0.0,0.0,0.0,1.0,0
-0.1824302971458272,0.5225107881133605,-0.5067873731938901,0.05558469191564552,0.0,1.0,0.0,1.0,0.0,0.0,0.0,1.0,0.0,0.0,0.0,0.0,1.0,0
-1.83957394584738,0.5225107881133605,1.8362815210531864,0.750354028941727,0.0,1.0,0.0,1.0,0.0,1.0,0.0,0.0,0.0,0.0,0.0,0.0,1.0,1
-0.7348115133796782,-0.5527137238424564,-0.5067873731938901,-0.8990774233043023,0.0,0.0,1.0,1.0,0.0,1.0,0.0,0.0,0.0,0.0,0.0,0.0,1.0,1
-0.8038591654089096,0.5225107881133605,-0.5067873731938901,-0.10980051284237943,0.0,0.0,1.0,1.0,0.0,0.0,0.0,1.0,0.0,0.0,0.0,0.0,1.0,0
-1.5633833377304547,3.748184323980811,0.664747073929648,0.702538431710578,0.0,0.0,1.0,0.0,1.0,0.0,1.0,0.0,0.0,0.0,0.0,0.0,1.0,0
-0.5967162093212154,-0.5527137238424564,-0.5067873731938901,-0.9085045515949098,0.0,0.0,1.0,0.0,1.0,0.0,1.0,0.0,0.0,0.0,0.0,0.0,1.0,0
1.3366180474972629,0.5225107881133605,-0.5067873731938901,1.3836155780088364,1.0,0.0,0.0,1.0,0.0,0.0,0.0,1.0,0.0,0.0,1.0,0.0,0.0,1
-0.044334993087364466,0.5225107881133605,-0.5067873731938901,0.27106225105153775,0.0,1.0,0.0,1.0,0.0,0.0,0.0,1.0,0.0,0.0,0.0,0.0,1.0,1
2.441380479964965,-0.5527137238424564,0.664747073929648,1.1622121555600347,1.0,0.0,0.0,0.0,1.0,0.0,1.0,0.0,1.0,0.0,0.0,0.0,0.0,0
-0.5967162093212154,-0.5527137238424564,-0.5067873731938901,-0.6269500681148421,0.0,1.0,0.0,1.0,0.0,1.0,0.0,0.0,0.0,0.0,0.0,0.0,1.0,1
-0.07885881910198016,-0.5527137238424564,-0.5067873731938901,-0.9790658205678316,0.0,0.0,1.0,0.0,1.0,0.0,1.0,0.0,0.0,0.0,0.0,0.0,1.0,0
-1.7014786417889174,0.5225107881133605,1.8362815210531864,0.3371391753957133,0.0,1.0,0.0,1.0,0.0,1.0,0.0,0.0,0.0,0.0,0.0,0.0,1.0,1
-1.287192729613529,4.823408835936628,1.8362815210531864,0.8742460982759304,0.0,0.0,1.0,0.0,1.0,0.0,1.0,0.0,0.0,0.0,0.0,0.0,1.0,0
-0.527668557291984,-0.5527137238424564,-0.5067873731938901,-0.9790658205678316,0.0,0.0,1.0,0.0,1.0,0.0,1.0,0.0,0.0,0.0,0.0,0.0,1.0,0
1.0604274393803375,0.5225107881133605,-0.5067873731938901,1.4711816515526148,1.0,0.0,0.0,0.0,1.0,0.0,1.0,0.0,0.0,1.0,0.0,0.0,0.0,0
-1.7705262938181487,2.672959812024994,1.8362815210531864,0.3426144621195378,0.0,0.0,1.0,0.0,1.0,0.0,1.0,0.0,0.0,0.0,0.0,0.0,1.0,0
-0.044334993087364466,-0.5527137238424564,-0.5067873731938901,-0.6269500681148421,0.0,1.0,0.0,1.0,0.0,0.0,0.0,1.0,0.0,0.0,0.0,0.0,0.0,1
-0.7348115133796782,-0.5527137238424564,-0.5067873731938901,-0.8665138469971665,0.0,0.0,1.0,0.0,1.0,0.0,1.0,0.0,0.0,0.0,0.0,0.0,1.0,0
-0.8729068174381409,3.748184323980811,1.8362815210531864,-0.8936641754669489,0.0,0.0,1.0,1.0,0.0,1.0,0.0,0.0,0.0,0.0,0.0,0.0,1.0,1
-0.25147794917505856,1.5977353000691772,-0.5067873731938901,-0.8101263745641574,0.0,0.0,1.0,0.0,1.0,0.0,1.0,0.0,0.0,0.0,0.0,0.0,1.0,0
0.16280796300032965,-0.5527137238424564,-0.5067873731938901,-0.6269500681148421,0.0,1.0,0.0,0.0,1.0,0.0,1.0,0.0,0.0,0.0,0.0,0.0,1.0,0
-0.9419544694673723,4.823408835936628,1.8362815210531864,0.8742460982759304,0.0,0.0,1.0,1.0,0.0,1.0,0.0,0.0,0.0,0.0,0.0,0.0,1.0,0
-0.5967162093212154,-0.5527137238424564,-0.5067873731938901,1.3389702444426148,0.0,1.0,0.0,0.0,1.0,0.0,1.0,0.0,0.0,0.0,0.0,0.0,1.0,0
-0.25147794917505856,0.5225107881133605,-0.5067873731938901,-0.3159997066988313,0.0,0.0,1.0,0.0,1.0,0.0,1.0,0.0,0.0,0.0,0.0,0.0,1.0,0
0.16280796300032965,-0.5527137238424564,-0.5067873731938901,1.0663676775514903,0.0,0.0,1.0,0.0,1.0,0.0,1.0,0.0,0.0,0.0,0.0,0.0,1.0,1
-0.32052560120428997,-0.5527137238424564,-0.5067873731938901,-0.9265937975673062,0.0,0.0,1.0,0.0,1.0,0.0,1.0,0.0,0.0,0.0,0.0,0.0,0.0,0
-1.9894073507508123,-0.5527137238424564,1.8362815210531864,0.3819189216506971,0.0,1.0,0.0,0.0,1.0,0.0,1.0,0.0,0.0,0.0,0.0,0.0,1.0,1
0.024712658941866902,-0.5527137238424564,-0.5067873731938901,-0.4601933681927453,0.0,0.0,1.0,1.0,0.0,1.0,0.0,0.0,0.0,0.0,0.0,0.0,1.0,1
-0.527668557291984,-0.5527137238424564,-0.5067873731938901,-0.7740027235754433,0.0,0.0,1.0,0.0,1.0,0.0,1.0,0.0,0.0,0.0,0.0,0.0,1.0,0
-0.044334993087364466,-0.5527137238424564,-0.5067873731938901,-0.7226674095439973,0.0,0.0,1.0,0.0,1.0,0.0,1.0,0.0,0.0,0.0,0.0,0.0,1.0,1
-0.11338264511659583,-0.5527137238424564,-0.5067873731938901,0.8786301263868705,1.0,0.0,0.0,0.0,1.0,0.0,1.0,0.0,0.0,0.0,0.0,0.0,1.0,0
-0.8729068174381409,-0.5527137238424564,-0.5067873731938901,-0.6269500681148421,0.0,1.0,0.0,1.0,0.0,1.0,0.0,0.0,0.0,0.0,0.0,0.0,1.0,1
0.231855615029561,2.672959812024994,-0.5067873731938901,-0.22501914205531862,0.0,0.0,1.0,1.0,0.0,0.0,0.0,1.0,0.0,0.0,0.0,0.0,1.0,1
-0.9419544694673723,0.5225107881133605,3.007815968176725,0.5553241409129361,0.0,0.0,1.0,0.0,1.0,0.0,1.0,0.0,0.0,0.0,0.0,0.0,1.0,0
-0.4586209052627527,2.672959812024994,1.8362815210531864,2.6701170546826707,1.0,0.0,0.0,1.0,0.0,1.0,0.0,0.0,0.0,1.0,0.0,0.0,0.0,1
-0.3895732532335213,-0.5527137238424564,-0.5067873731938901,-0.879030209046522,0.0,0.0,1.0,0.0,1.0,0.0,1.0,0.0,0.0,0.0,0.0,0.0,1.0,0
-0.044334993087364466,-0.5527137238424564,-0.5067873731938901,-0.879030209046522,0.0,0.0,1.0,0.0,1.0,0.0,1.0,0.0,0.0,0.0,0.0,0.0,1.0,0
-0.6657638613504469,-0.5527137238424564,-0.5067873731938901,-0.9020440453887143,0.0,0.0,1.0,0.0,1.0,0.0,1.0,0.0,0.0,0.0,0.0,0.0,1.0,0
1.1294750914095688,0.5225107881133605,-0.5067873731938901,1.1486902294975838,1.0,0.0,0.0,0.0,1.0,0.0,1.0,0.0,0.0,0.0,0.0,1.0,0.0,0
-0.25147794917505856,0.5225107881133605,1.8362815210531864,0.03505987720663727,0.0,0.0,1.0,0.0,1.0,0.0,1.0,0.0,0.0,0.0,0.0,0.0,1.0,0
2.0270945677895766,-0.5527137238424564,-0.5067873731938901,-0.9764097391695418,0.0,0.0,1.0,0.0,1.0,0.0,1.0,0.0,0.0,0.0,0.0,0.0,1.0,0
2.8556663921403533,-0.5527137238424564,-0.5067873731938901,0.5635958388526805,1.0,0.0,0.0,0.0,1.0,0.0,1.0,0.0,0.0,0.0,0.0,0.0,0.0,0
-0.4586209052627527,-0.5527137238424564,0.664747073929648,1.1850035217822057,1.0,0.0,0.0,0.0,1.0,0.0,1.0,0.0,0.0,0.0,1.0,0.0,0.0,1
0.3009032670587924,-0.5527137238424564,0.664747073929648,0.14713503691058427,0.0,1.0,0.0,1.0,0.0,0.0,0.0,1.0,0.0,0.0,0.0,0.0,1.0,1
0.3009032670587924,0.5225107881133605,-0.5067873731938901,0.27106225105153775,0.0,1.0,0.0,0.0,1.0,0.0,1.0,0.0,0.0,0.0,0.0,0.0,1.0,0
-0.11338264511659583,-0.5527137238424564,-0.5067873731938901,-0.8971121971099152,0.0,0.0,1.0,1.0,0.0,1.0,0.0,0.0,0.0,0.0,0.0,0.0,1.0,0
-0.5967162093212154,-0.5527137238424564,0.664747073929648,1.3911458789598998,1.0,0.0,0.0,0.0,1.0,0.0,1.0,0.0,0.0,0.0,1.0,0.0,0.0,0
0.231855615029561,-0.5527137238424564,-0.5067873731938901,-0.8110305633645107,0.0,0.0,1.0,0.0,1.0,0.0,1.0,0.0,0.0,0.0,0.0,0.0,1.0,0
0.5080462231464865,1.5977353000691772,-0.5067873731938901,-0.8936641754669489,0.0,0.0,1.0,0.0,1.0,0.0,1.0,0.0,0.0,0.0,0.0,0.0,1.0,0
-0.11338264511659583,-0.5527137238424564,-0.5067873731938901,-0.8971121971099152,0.0,0.0,1.0,0.0,1.0,0.0,1.0,0.0,0.0,0.0,0.0,0.0,1.0,0
-0.5967162093212154,-0.5527137238424564,-0.5067873731938901,-0.9265937975673062,0.0,0.0,1.0,1.0,0.0,1.0,0.0,0.0,0.0,0.0,0.0,0.0,1.0,1
0.5770938751757179,-0.5527137238424564,-0.5067873731938901,-0.8971121971099152,0.0,0.0,1.0,0.0,1.0,0.0,1.0,0.0,0.0,0.0,0.0,0.0,1.0,0
1.1985227434388002,-0.5527137238424564,-0.5067873731938901,0.9807003974968863,1.0,0.0,0.0,0.0,1.0,0.0,1.0,0.0,0.0,1.0,0.0,0.0,0.0,0
-1.0455259475112193,0.5225107881133605,-0.5067873731938901,-0.3159997066988313,0.0,0.0,1.0,1.0,0.0,1.0,0.0,0.0,0.0,0.0,0.0,0.0,1.0,0
-0.527668557291984,-0.5527137238424564,-0.5067873731938901,-0.879030209046522,0.0,0.0,1.0,0.0,1.0,0.0,1.0,0.0,0.0,0.0,0.0,0.0,1.0,0
-0.6657638613504469,0.5225107881133605,-0.5067873731938901,-0.6905942394113169,0.0,0.0,1.0,1.0,0.0,1.0,0.0,0.0,0.0,0.0,0.0,0.0,1.0,0
-0.8729068174381409,-0.5527137238424564,-0.5067873731938901,-0.31572060423573034,0.0,0.0,1.0,1.0,0.0,1.0,0.0,0.0,0.0,0.0,0.0,0.0,1.0,0
-0.5967162093212154,-0.5527137238424564,-0.5067873731938901,-0.8936641754669489,0.0,0.0,1.0,0.0,1.0,0.0,1.0,0.0,0.0,0.0,0.0,0.0,1.0,0
2.8211425661257374,-0.5527137238424564,-0.5067873731938901,-0.9144998112595822,0.0,0.0,1.0,0.0,1.0,0.0,1.0,0.0,0.0,0.0,0.0,0.0,1.0,0
-0.044334993087364466,0.5225107881133605,-0.5067873731938901,0.05558469191564552,0.0,1.0,0.0,0.0,1.0,0.0,1.0,0.0,0.0,0.0,0.0,0.0,1.0,0
-0.3895732532335213,-0.5527137238424564,0.664747073929648,2.6065425394401767,1.0,0.0,0.0,0.0,1.0,0.0,1.0,0.0,1.0,0.0,0.0,0.0,0.0,0
-1.9086215978766115,3.748184323980811,1.8362815210531864,0.45882752275355093,0.0,0.0,1.0,1.0,0.0,1.0,0.0,0.0,0.0,0.0,0.0,0.0,1.0,0
-0.5967162093212154,1.5977353000691772,-0.5067873731938901,1.3389702444426148,0.0,1.0,0.0,0.0,1.0,0.0,1.0,0.0,0.0,0.0,0.0,0.0,1.0,0
0.19733178901494533,0.5225107881133605,-0.5067873731938901,0.41881950263727635,0.0,1.0,0.0,0.0,1.0,0.0,1.0,0.0,0.0,0.0,0.0,0.0,1.0,0
0.19733178901494533,-0.5527137238424564,-0.5067873731938901,-0.419978337229253,0.0,1.0,0.0,1.0,0.0,1.0,0.0,0.0,0.0,0.0,0.0,1.0,0.0,1
1.6818563076434199,-0.5527137238424564,0.664747073929648,1.3911458789598998,1.0,0.0,0.0,0.0,1.0,0.0,1.0,0.0,0.0,0.0,1.0,0.0,0.0,0
-1.2181450775842977,0.5225107881133605,-0.5067873731938901,-0.5611885621555408,0.0,0.0,1.0,0.0,1.0,0.0,1.0,0.0,0.0,0.0,0.0,0.0,1.0,1
-0.3895732532335213,-0.5527137238424564,-0.5067873731938901,-0.990313257645891,0.0,0.0,1.0,0.0,1.0,0.0,1.0,0.0,0.0,0.0,0.0,0.0,1.0,1
1.0604274393803375,-0.5527137238424564,-0.5067873731938901,-1.0120797728956175,0.0,0.0,1.0,0.0,1.0,0.0,1.0,0.0,0.0,0.0,0.0,0.0,1.0,0
0.231855615029561,-0.5527137238424564,-0.5067873731938901,-0.8971121971099152,0.0,0.0,1.0,0.0,1.0,0.0,1.0,0.0,0.0,0.0,0.0,0.0,1.0,0
-0.6657638613504469,-0.5527137238424564,-0.5067873731938901,-1.0022310405390933,0.0,0.0,1.0,0.0,1.0,0.0,1.0,0.0,0.0,0.0,0.0,0.0,1.0,0
1.1985227434388002,0.5225107881133605,-0.5067873731938901,-0.3128861258314239,0.0,0.0,1.0,1.0,0.0,0.0,0.0,1.0,0.0,0.0,0.0,0.0,1.0,0
-0.044334993087364466,0.5225107881133605,-0.5067873731938901,0.27106225105153775,0.0,1.0,0.0,1.0,0.0,0.0,0.0,1.0,0.0,0.0,0.0,0.0,1.0,1
-0.32052560120428997,-0.5527137238424564,-0.5067873731938901,-0.419978337229253,0.0,1.0,0.0,0.0,1.0,0.0,1.0,0.0,0.0,0.0,0.0,0.0,1.0,0
-0.4586209052627527,-0.5527137238424564,-0.5067873731938901,-0.276473729053318,0.0,1.0,0.0,0.0,1.0,0.0,1.0,0.0,0.0,0.0,0.0,0.0,1.0,0
-0.7348115133796782,-0.5527137238424564,1.8362815210531864,0.2820446752732412,1.0,0.0,0.0,1.0,0.0,1.0,0.0,0.0,0.0,0.0,1.0,0.0,0.0,1
0.5080462231464865,0.5225107881133605,-0.5067873731938901,1.0023142620412646,1.0,0.0,0.0,0.0,1.0,0.0,1.0,0.0,0.0,1.0,0.0,0.0,0.0,0
-0.9419544694673723,-0.5527137238424564,-0.5067873731938901,-0.7514458337930826,0.0,0.0,1.0,0.0,1.0,0.0,1.0,0.0,0.0,0.0,0.0,0.0,1.0,0
-0.3895732532335213,-0.5527137238424564,-0.5067873731938901,1.4165404832503101,1.0,0.0,0.0,0.0,1.0,0.0,1.0,0.0,1.0,0.0,0.0,0.0,0.0,0
-0.527668557291984,-0.5527137238424564,-0.5067873731938901,-0.9144998112595822,0.0,0.0,1.0,1.0,0.0,1.0,0.0,0.0,0.0,0.0,0.0,0.0,1.0,1
-0.3895732532335213,0.5225107881133605,-0.5067873731938901,-0.22501914205531862,0.0,0.0,1.0,1.0,0.0,0.0,0.0,1.0,0.0,0.0,0.0,0.0,1.0,1
-0.7348115133796782,-0.5527137238424564,-0.5067873731938901,-1.0421914846018665,0.0,0.0,1.0,0.0,1.0,0.0,1.0,0.0,0.0,0.0,0.0,0.0,1.0,0
-0.8038591654089096,-0.5527137238424564,-0.5067873731938901,-0.5392188388353305,0.0,1.0,0.0,0.0,1.0,0.0,1.0,0.0,0.0,0.0,0.0,0.0,1.0,0
-0.7348115133796782,0.5225107881133605,0.664747073929648,0.6236939631713788,0.0,1.0,0.0,0.0,1.0,0.0,1.0,0.0,0.0,0.0,0.0,0.0,1.0,0
-0.1824302971458272,-0.5527137238424564,-0.5067873731938901,-0.9090068412352071,0.0,0.0,1.0,0.0,1.0,0.0,1.0,0.0,0.0,0.0,0.0,0.0,1.0,1
-1.425288033671992,1.5977353000691772,1.8362815210531864,0.5553241409129361,0.0,0.0,1.0,1.0,0.0,1.0,0.0,0.0,0.0,0.0,0.0,0.0,1.0,0
0.47352239713187083,-0.5527137238424564,1.8362815210531864,0.27106225105153775,0.0,1.0,0.0,0.0,1.0,0.0,1.0,0.0,0.0,0.0,0.0,0.0,0.0,0
0.8532844832926434,-0.5527137238424564,-0.5067873731938901,-0.419978337229253,0.0,1.0,0.0,0.0,1.0,0.0,1.0,0.0,0.0,0.0,0.0,0.0,1.0,0
1.4747133515557256,-0.5527137238424564,-0.5067873731938901,-0.45629645549962006,0.0,1.0,0.0,0.0,1.0,0.0,1.0,0.0,0.0,0.0,0.0,0.0,1.0,0
-0.527668557291984,0.5225107881133605,-0.5067873731938901,1.2367091043571294,1.0,0.0,0.0,1.0,0.0,0.0,0.0,1.0,0.0,1.0,0.0,0.0,0.0,1
1.785427785687267,-0.5527137238424564,-0.5067873731938901,-0.879030209046522,0.0,0.0,1.0,0.0,1.0,0.0,1.0,0.0,0.0,0.0,0.0,0.0,1.0,0
0.7497130052487962,-0.5527137238424564,1.8362815210531864,-0.3128861258314239,0.0,0.0,1.0,0.0,1.0,0.0,1.0,0.0,0.0,0.0,0.0,0.0,1.0,0
1.4747133515557256,-0.5527137238424564,0.664747073929648,1.15214017066879,1.0,0.0,0.0,0.0,1.0,0.0,1.0,0.0,0.0,0.0,0.0,0.0,1.0,0
-0.9419544694673723,-0.5527137238424564,-0.5067873731938901,-0.9165098625189366,0.0,0.0,1.0,1.0,0.0,1.0,0.0,0.0,0.0,0.0,0.0,0.0,1.0,1
0.024712658941866902,-0.5527137238424564,-0.5067873731938901,-0.879030209046522,0.0,0.0,1.0,0.0,1.0,0.0,1.0,0.0,0.0,0.0,0.0,0.0,1.0,0
0.9913797873511061,-0.5527137238424564,0.664747073929648,-0.20952305600323512,0.0,0.0,1.0,0.0,1.0,0.0,1.0,0.0,0.0,0.0,0.0,0.0,1.0,0
0.7151891792341806,-0.5527137238424564,-0.5067873731938901,-0.23128204878746011,0.0,1.0,0.0,1.0,0.0,0.0,0.0,1.0,0.0,0.0,0.0,0.0,1.0,1
-0.25147794917505856,-0.5527137238424564,-0.5067873731938901,-0.9114979112935031,0.0,0.0,1.0,0.0,1.0,0.0,1.0,0.0,0.0,0.0,0.0,0.0,1.0,0
-0.8729068174381409,-0.5527137238424564,-0.5067873731938901,-0.8101263745641574,0.0,0.0,1.0,0.0,1.0,0.0,1.0,0.0,0.0,0.0,0.0,0.0,1.0,0
-1.9776692499058428,3.748184323980811,0.664747073929648,0.702538431710578,0.0,0.0,1.0,0.0,1.0,0.0,1.0,0.0,0.0,0.0,0.0,0.0,1.0,0
-1.425288033671992,-0.5527137238424564,1.8362815210531864,0.032618657493414596,0.0,0.0,1.0,0.0,1.0,0.0,1.0,0.0,0.0,0.0,0.0,0.0,1.0,1
1.0604274393803375,0.5225107881133605,4.179350415300263,0.3426144621195378,0.0,0.0,1.0,1.0,0.0,0.0,0.0,1.0,0.0,0.0,0.0,0.0,1.0,0
-0.11338264511659583,-0.5527137238424564,-0.5067873731938901,1.0663676775514903,0.0,0.0,1.0,0.0,1.0,0.0,1.0,0.0,0.0,0.0,0.0,0.0,1.0,0
2.1651898718480393,-0.5527137238424564,-0.5067873731938901,0.5289715771112987,1.0,0.0,0.0,0.0,1.0,0.0,1.0,0.0,1.0,0.0,0.0,0.0,0.0,0
-1.7705262938181487,3.748184323980811,0.664747073929648,0.38629383533178935,0.0,0.0,1.0,0.0,1.0,0.0,1.0,0.0,0.0,0.0,0.0,0.0,1.0,0
-1.9776692499058428,0.5225107881133605,0.664747073929648,-0.5705469590568808,0.0,0.0,1.0,1.0,0.0,1.0,0.0,0.0,0.0,0.0,0.0,0.0,1.0,1
-0.5967162093212154,-0.5527137238424564,-0.5067873731938901,-0.8936641754669489,0.0,0.0,1.0,0.0,1.0,0.0,1.0,0.0,0.0,0.0,0.0,0.0,1.0,0
1.8199516117018826,-0.5527137238424564,-0.5067873731938901,0.43977411865381316,1.0,0.0,0.0,0.0,1.0,0.0,1.0,0.0,0.0,0.0,0.0,0.0,0.0,0
-0.8038591654089096,0.5225107881133605,0.664747073929648,-0.9020440453887143,0.0,0.0,1.0,0.0,1.0,0.0,1.0,0.0,0.0,0.0,0.0,0.0,1.0,0
1.4056656995264942,-0.5527137238424564,-0.5067873731938901,0.37178704509173643,1.0,0.0,0.0,1.0,0.0,1.0,0.0,0.0,0.0,1.0,0.0,0.0,0.0,0
0.024712658941866902,-0.5527137238424564,-0.5067873731938901,-0.419978337229253,0.0,1.0,0.0,0.0,1.0,0.0,1.0,0.0,0.0,0.0,0.0,0.0,1.0,0
0.43899857111725515,-0.5527137238424564,-0.5067873731938901,-3.196702684626884,0.0,0.0,1.0,0.0,1.0,0.0,1.0,0.0,0.0,0.0,0.0,0.0,1.0,0
-1.425288033671992,3.748184323980811,1.8362815210531864,0.46248864650146676,0.0,0.0,1.0,0.0,1.0,0.0,1.0,0.0,0.0,0.0,0.0,0.0,1.0,0
-1.9776692499058428,1.5977353000691772,0.664747073929648,0.6846079939654414,0.0,1.0,0.0,0.0,1.0,0.0,1.0,0.0,0.0,0.0,0.0,0.0,0.0,1
-1.7705262938181487,-0.5527137238424564,1.8362815210531864,0.10349832740505366,0.0,0.0,1.0,1.0,0.0,1.0,0.0,0.0,0.0,0.0,0.0,0.0,1.0,1
1.0604274393803375,-0.5527137238424564,-0.5067873731938901,0.2922798673255464,1.0,0.0,0.0,0.0,1.0,0.0,1.0,0.0,0.0,0.0,0.0,0.0,1.0,1
0.7151891792341806,0.5225107881133605,0.664747073929648,-0.24710438039909924,0.0,0.0,1.0,0.0,1.0,0.0,1.0,0.0,0.0,0.0,0.0,0.0,1.0,0
0.43899857111725515,-0.5527137238424564,-0.5067873731938901,-0.8971121971099152,0.0,0.0,1.0,0.0,1.0,0.0,1.0,0.0,0.0,0.0,0.0,0.0,1.0,0
0.16280796300032965,-0.5527137238424564,-0.5067873731938901,-0.419978337229253,0.0,1.0,0.0,1.0,0.0,0.0,0.0,1.0,0.0,0.0,0.0,0.0,1.0,1
-0.7348115133796782,-0.5527137238424564,-0.5067873731938901,-0.419978337229253,0.0,1.0,0.0,0.0,1.0,0.0,1.0,0.0,0.0,0.0,0.0,0.0,1.0,0
-0.7348115133796782,0.5225107881133605,-0.5067873731938901,-0.9020440453887143,0.0,0.0,1.0,1.0,0.0,1.0,0.0,0.0,0.0,0.0,0.0,0.0,1.0,1
-1.83957394584738,0.5225107881133605,0.664747073929648,0.27106225105153775,0.0,1.0,0.0,0.0,1.0,0.0,1.0,0.0,0.0,0.0,0.0,0.0,0.0,1
0.9913797873511061,-0.5527137238424564,-0.5067873731938901,0.3360699984503438,1.0,0.0,0.0,1.0,0.0,0.0,0.0,1.0,1.0,0.0,0.0,0.0,0.0,1
1.9580469157603453,-0.5527137238424564,-0.5067873731938901,2.0577780211863272,1.0,0.0,0.0,1.0,0.0,1.0,0.0,0.0,1.0,0.0,0.0,0.0,0.0,1
0.8532844832926434,-0.5527137238424564,0.664747073929648,-0.8386358602306913,0.0,0.0,1.0,0.0,1.0,0.0,1.0,0.0,0.0,0.0,0.0,0.0,1.0,0
-0.3895732532335213,-0.5527137238424564,-0.5067873731938901,-0.419978337229253,0.0,1.0,0.0,1.0,0.0,1.0,0.0,0.0,0.0,0.0,0.0,0.0,1.0,0
-0.11338264511659583,-0.5527137238424564,-0.5067873731938901,-0.7226674095439973,0.0,0.0,1.0,0.0,1.0,0.0,1.0,0.0,0.0,0.0,0.0,0.0,1.0,0
0.3009032670587924,-0.5527137238424564,-0.5067873731938901,-1.0772811734569727,0.0,0.0,1.0,0.0,1.0,0.0,1.0,0.0,0.0,0.0,0.0,0.0,1.0,0
1.0949512653949531,-0.5527137238424564,-0.5067873731938901,-0.9796029592969611,0.0,0.0,1.0,0.0,1.0,0.0,1.0,0.0,0.0,0.0,0.0,0.0,1.0,0
-0.8038591654089096,-0.5527137238424564,-0.5067873731938901,-0.879030209046522,0.0,0.0,1.0,0.0,1.0,0.0,1.0,0.0,0.0,0.0,0.0,0.0,1.0,1
-1.9086215978766115,-0.5527137238424564,0.664747073929648,-0.6303866478419102,0.0,0.0,1.0,1.0,0.0,1.0,0.0,0.0,0.0,0.0,0.0,0.0,0.0,0
0.16280796300032965,0.5225107881133605,-0.5067873731938901,-0.22501914205531862,0.0,0.0,1.0,0.0,1.0,0.0,1.0,0.0,0.0,0.0,0.0,0.0,1.0,0
-0.25147794917505856,-0.5527137238424564,-0.5067873731938901,-0.055936434167795264,0.0,0.0,1.0,0.0,1.0,0.0,1.0,0.0,0.0,0.0,0.0,0.0,1.0,1
-0.9419544694673723,-0.5527137238424564,-0.5067873731938901,-0.9144998112595822,0.0,0.0,1.0,1.0,0.0,1.0,0.0,0.0,0.0,0.0,0.0,0.0,1.0,1
0.7151891792341806,-0.5527137238424564,-0.5067873731938901,0.44982410922532856,1.0,0.0,0.0,0.0,1.0,0.0,1.0,0.0,0.0,0.0,0.0,0.0,0.0,1
-0.3895732532335213,-0.5527137238424564,-0.5067873731938901,-1.0022310405390933,0.0,0.0,1.0,0.0,1.0,0.0,1.0,0.0,0.0,0.0,0.0,0.0,1.0,0
0.36995091908802374,-0.5527137238424564,-0.5067873731938901,0.05558469191564552,0.0,1.0,0.0,1.0,0.0,1.0,0.0,0.0,0.0,0.0,0.0,0.0,1.0,1
-0.527668557291984,-0.5527137238424564,-0.5067873731938901,-0.9764097391695418,0.0,0.0,1.0,0.0,1.0,0.0,1.0,0.0,0.0,0.0,0.0,0.0,1.0,0
0.024712658941866902,-0.5527137238424564,-0.5067873731938901,-0.419978337229253,0.0,1.0,0.0,0.0,1.0,0.0,1.0,0.0,0.0,0.0,0.0,0.0,1.0,0
0.09376031097109827,0.5225107881133605,-0.5067873731938901,1.7890956800462867,1.0,0.0,0.0,1.0,0.0,1.0,0.0,0.0,0.0,0.0,1.0,0.0,0.0,1
-0.1824302971458272,-0.5527137238424564,-0.5067873731938901,-0.8936641754669489,0.0,0.0,1.0,1.0,0.0,1.0,0.0,0.0,0.0,0.0,0.0,0.0,1.0,1
0.8532844832926434,0.5225107881133605,-0.5067873731938901,0.3093270215411896,0.0,1.0,0.0,0.0,1.0,0.0,1.0,0.0,0.0,0.0,0.0,0.0,1.0,0
0.16280796300032965,-0.5527137238424564,-0.5067873731938901,1.3776767206314848,1.0,0.0,0.0,1.0,0.0,1.0,0.0,0.0,0.0,0.0,1.0,0.0,0.0,1
0.024712658941866902,-0.5527137238424564,-0.5067873731938901,-0.6269500681148421,0.0,1.0,0.0,0.0,1.0,0.0,1.0,0.0,0.0,0.0,0.0,0.0,1.0,0
-0.9419544694673723,-0.5527137238424564,-0.5067873731938901,-0.879030209046522,0.0,0.0,1.0,0.0,1.0,0.0,1.0,0.0,0.0,0.0,0.0,0.0,1.0,1
-0.1824302971458272,-0.5527137238424564,-0.5067873731938901,-0.419978337229253,0.0,1.0,0.0,0.0,1.0,0.0,1.0,0.0,0.0,0.0,0.0,0.0,1.0,0
1.4747133515557256,-0.5527137238424564,-0.5067873731938901,-0.879030209046522,0.0,0.0,1.0,0.0,1.0,0.0,1.0,0.0,0.0,0.0,0.0,0.0,1.0,0
0.5770938751757179,0.5225107881133605,-0.5067873731938901,1.5494668202475887,1.0,0.0,0.0,0.0,1.0,0.0,1.0,0.0,0.0,1.0,0.0,0.0,0.0,1
-0.527668557291984,-0.5527137238424564,-0.5067873731938901,-0.7378067387140014,0.0,0.0,1.0,0.0,1.0,0.0,1.0,0.0,0.0,0.0,0.0,0.0,1.0,0
-0.7348115133796782,-0.5527137238424564,-0.5067873731938901,-0.6269500681148421,0.0,1.0,0.0,0.0,1.0,0.0,1.0,0.0,0.0,0.0,0.0,0.0,1.0,1
-0.6312400353358311,-0.5527137238424564,-0.5067873731938901,-0.9764097391695418,0.0,0.0,1.0,0.0,1.0,0.0,1.0,0.0,0.0,0.0,0.0,0.0,1.0,0
-0.8038591654089096,-0.5527137238424564,-0.5067873731938901,-0.419978337229253,0.0,1.0,0.0,0.0,1.0,0.0,1.0,0.0,0.0,0.0,0.0,0.0,1.0,0
0.36995091908802374,0.5225107881133605,-0.5067873731938901,1.4711816515526148,1.0,0.0,0.0,1.0,0.0,0.0,0.0,1.0,0.0,1.0,0.0,0.0,0.0,1
-0.044334993087364466,-0.5527137238424564,-0.5067873731938901,-0.9114979112935031,0.0,0.0,1.0,0.0,1.0,0.0,1.0,0.0,0.0,0.0,0.0,0.0,1.0,0
2.0270945677895766,-0.5527137238424564,-0.5067873731938901,-0.38305647084582106,0.0,1.0,0.0,0.0,1.0,0.0,1.0,0.0,0.0,0.0,0.0,0.0,1.0,0
-1.7014786417889174,3.748184323980811,1.8362815210531864,0.46248864650146676,0.0,0.0,1.0,1.0,0.0,1.0,0.0,0.0,0.0,0.0,0.0,0.0,1.0,1
-0.3895732532335213,-0.5527137238424564,-0.5067873731938901,-0.6269500681148421,0.0,1.0,0.0,0.0,1.0,0.0,1.0,0.0,0.0,0.0,0.0,0.0,1.0,0
0.9913797873511061,0.5225107881133605,-0.5067873731938901,0.27106225105153775,0.0,1.0,0.0,0.0,1.0,0.0,1.0,0.0,0.0,0.0,0.0,0.0,1.0,0
-1.4943356857012233,-0.5527137238424564,1.8362815210531864,0.2807596950381525,0.0,1.0,0.0,1.0,0.0,1.0,0.0,0.0,0.0,0.0,0.0,0.0,1.0,1
-0.7348115133796782,-0.5527137238424564,-0.5067873731938901,-0.6269500681148421,0.0,1.0,0.0,0.0,1.0,0.0,1.0,0.0,0.0,0.0,0.0,0.0,1.0,0
0.231855615029561,-0.5527137238424564,-0.5067873731938901,-0.4759269731336406,0.0,1.0,0.0,0.0,1.0,0.0,1.0,0.0,0.0,0.0,0.0,0.0,1.0,0
-0.044334993087364466,-0.5527137238424564,-0.5067873731938901,-0.6269500681148421,0.0,1.0,0.0,0.0,1.0,0.0,1.0,0.0,0.0,0.0,0.0,0.0,1.0,0
-0.527668557291984,-0.5527137238424564,-0.5067873731938901,-0.9924736424099293,0.0,0.0,1.0,0.0,1.0,0.0,1.0,0.0,0.0,0.0,0.0,0.0,1.0,0
0.024712658941866902,-0.5527137238424564,-0.5067873731938901,-0.9796029592969611,0.0,0.0,1.0,0.0,1.0,0.0,1.0,0.0,0.0,0.0,0.0,0.0,1.0,0
0.9913797873511061,1.5977353000691772,-0.5067873731938901,1.5494668202475887,1.0,0.0,0.0,0.0,1.0,0.0,0.0,1.0,0.0,1.0,0.0,0.0,0.0,0
-0.32052560120428997,-0.5527137238424564,-0.5067873731938901,-0.9114979112935031,0.0,0.0,1.0,1.0,0.0,1.0,0.0,0.0,0.0,0.0,0.0,0.0,1.0,0
-0.3895732532335213,-0.5527137238424564,1.8362815210531864,-0.3128861258314239,0.0,1.0,0.0,1.0,0.0,0.0,0.0,1.0,0.0,0.0,0.0,0.0,1.0,1
0.5080462231464865,0.5225107881133605,0.664747073929648,0.9916453480563139,1.0,0.0,0.0,0.0,1.0,0.0,1.0,0.0,0.0,0.0,1.0,0.0,0.0,1
1.6818563076434199,0.5225107881133605,-0.5067873731938901,0.27106225105153775,0.0,1.0,0.0,0.0,1.0,0.0,1.0,0.0,0.0,0.0,0.0,0.0,1.0,0
-0.044334993087364466,0.5225107881133605,0.664747073929648,-0.6303866478419102,0.0,0.0,1.0,1.0,0.0,0.0,0.0,1.0,0.0,0.0,0.0,0.0,0.0,0
2.234237523877271,-0.5527137238424564,-0.5067873731938901,0.2922798673255464,1.0,0.0,0.0,0.0,1.0,0.0,1.0,0.0,0.0,1.0,0.0,0.0,0.0,0
0.024712658941866902,0.5225107881133605,-0.5067873731938901,-0.20952305600323512,0.0,0.0,1.0,0.0,1.0,0.0,1.0,0.0,0.0,0.0,0.0,0.0,1.0,0
0.7842368312634119,-0.5527137238424564,1.8362815210531864,0.017231351601925342,0.0,0.0,1.0,1.0,0.0,0.0,0.0,1.0,0.0,0.0,0.0,0.0,1.0,0
-0.044334993087364466,-0.5527137238424564,1.8362815210531864,-0.26344026303171897,0.0,0.0,1.0,1.0,0.0,0.0,0.0,1.0,0.0,0.0,0.0,0.0,1.0,1
0.024712658941866902,-0.5527137238424564,-0.5067873731938901,1.5082001497918582,1.0,0.0,0.0,1.0,0.0,1.0,0.0,0.0,1.0,0.0,0.0,0.0,0.0,1
0.36995091908802374,-0.5527137238424564,-0.5067873731938901,3.369773524354297,1.0,0.0,0.0,1.0,0.0,1.0,0.0,0.0,0.0,0.0,0.0,0.0,1.0,1
1.4056656995264942,-0.5527137238424564,0.664747073929648,0.27106225105153775,0.0,1.0,0.0,1.0,0.0,0.0,0.0,1.0,0.0,0.0,0.0,0.0,1.0,1
-1.83957394584738,3.748184323980811,1.8362815210531864,0.46248864650146676,0.0,0.0,1.0,0.0,1.0,0.0,1.0,0.0,0.0,0.0,0.0,0.0,1.0,1
1.5437610035849572,0.5225107881133605,0.664747073929648,1.4224276524917316,1.0,0.0,0.0,0.0,1.0,0.0,1.0,0.0,0.0,0.0,0.0,1.0,0.0,0
0.7151891792341806,-0.5527137238424564,-0.5067873731938901,-3.196702684626884,1.0,0.0,0.0,0.0,1.0,0.0,1.0,0.0,1.0,0.0,0.0,0.0,0.0,0
0.43899857111725515,-0.5527137238424564,-0.5067873731938901,-0.6269500681148421,0.0,1.0,0.0,0.0,1.0,0.0,1.0,0.0,0.0,0.0,0.0,0.0,1.0,0
-0.9419544694673723,3.748184323980811,0.664747073929648,0.702538431710578,0.0,0.0,1.0,0.0,1.0,0.0,1.0,0.0,0.0,0.0,0.0,0.0,1.0,0
-0.32052560120428997,0.5225107881133605,-0.5067873731938901,-0.9114979112935031,0.0,0.0,1.0,0.0,1.0,0.0,1.0,0.0,0.0,0.0,0.0,0.0,1.0,1
1.9580469157603453,-0.5527137238424564,0.664747073929648,2.106158856818368,1.0,0.0,0.0,1.0,0.0,0.0,0.0,1.0,0.0,1.0,0.0,0.0,0.0,1
0.36995091908802374,-0.5527137238424564,-0.5067873731938901,1.9771101044040196,1.0,0.0,0.0,1.0,0.0,1.0,0.0,0.0,0.0,1.0,0.0,0.0,0.0,1
-0.32052560120428997,-0.5527137238424564,-0.5067873731938901,-3.196702684626884,0.0,0.0,1.0,0.0,1.0,0.0,1.0,0.0,0.0,0.0,0.0,0.0,1.0,1
0.7842368312634119,-0.5527137238424564,0.664747073929648,-0.01871665653803139,0.0,1.0,0.0,1.0,0.0,0.0,0.0,1.0,0.0,0.0,0.0,0.0,1.0,1
0.5080462231464865,-0.5527137238424564,0.664747073929648,0.40618739971979795,1.0,0.0,0.0,0.0,1.0,0.0,1.0,0.0,0.0,1.0,0.0,0.0,0.0,0
2.3032851759065025,0.5225107881133605,-0.5067873731938901,1.400122865486071,1.0,0.0,0.0,1.0,0.0,1.0,0.0,0.0,0.0,0.0,1.0,0.0,0.0,1
1.0604274393803375,-0.5527137238424564,-0.5067873731938901,-0.9144998112595822,0.0,0.0,1.0,1.0,0.0,1.0,0.0,0.0,0.0,0.0,0.0,0.0,1.0,0
-1.5633833377304547,3.748184323980811,0.664747073929648,0.38629383533178935,0.0,0.0,1.0,0.0,1.0,0.0,1.0,0.0,0.0,0.0,0.0,0.0,1.0,0
0.36995091908802374,0.5225107881133605,0.664747073929648,0.01908975401216004,0.0,0.0,1.0,1.0,0.0,0.0,0.0,1.0,0.0,0.0,0.0,0.0,1.0,1
2.441380479964965,-0.5527137238424564,-0.5067873731938901,-0.9144998112595822,0.0,0.0,1.0,0.0,1.0,0.0,1.0,0.0,0.0,0.0,0.0,0.0,1.0,0
-0.11338264511659583,-0.5527137238424564,-0.5067873731938901,-0.9020440453887143,0.0,0.0,1.0,0.0,1.0,0.0,1.0,0.0,0.0,0.0,0.0,0.0,1.0,0
-0.9419544694673723,-0.5527137238424564,-0.5067873731938901,-0.7226674095439973,0.0,0.0,1.0,0.0,1.0,0.0,1.0,0.0,0.0,0.0,0.0,0.0,1.0,0
-0.7348115133796782,-0.5527137238424564,-0.5067873731938901,-0.879030209046522,0.0,0.0,1.0,0.0,1.0,0.0,1.0,0.0,0.0,0.0,0.0,0.0,1.0,1
0.231855615029561,-0.5527137238424564,-0.5067873731938901,-0.8101263745641574,0.0,0.0,1.0,0.0,1.0,0.0,1.0,0.0,0.0,0.0,0.0,0.0,1.0,0
0.024712658941866902,-0.5527137238424564,-0.5067873731938901,-0.7226674095439973,0.0,0.0,1.0,0.0,1.0,0.0,1.0,0.0,0.0,0.0,0.0,0.0,1.0,1
-0.527668557291984,-0.5527137238424564,-0.5067873731938901,-0.8971121971099152,0.0,0.0,1.0,0.0,1.0,0.0,1.0,0.0,0.0,0.0,0.0,0.0,1.0,0
0.8532844832926434,-0.5527137238424564,-0.5067873731938901,-0.419978337229253,0.0,1.0,0.0,0.0,1.0,0.0,1.0,0.0,0.0,0.0,0.0,0.0,1.0,1
-0.527668557291984,-0.5527137238424564,-0.5067873731938901,-0.9144998112595822,0.0,0.0,1.0,1.0,0.0,1.0,0.0,0.0,0.0,0.0,0.0,0.0,1.0,1
-0.25147794917505856,-0.5527137238424564,-0.5067873731938901,1.411938691115823,1.0,0.0,0.0,1.0,0.0,1.0,0.0,0.0,0.0,0.0,0.0,0.0,1.0,1
-0.7348115133796782,0.5225107881133605,-0.5067873731938901,1.5618713955614216,1.0,0.0,0.0,1.0,0.0,0.0,0.0,1.0,1.0,0.0,0.0,0.0,0.0,1
0.43899857111725515,-0.5527137238424564,-0.5067873731938901,-0.4294148598941605,0.0,1.0,0.0,0.0,1.0,0.0,1.0,0.0,0.0,0.0,1.0,0.0,0.0,0
-0.3895732532335213,-0.5527137238424564,-0.5067873731938901,-0.78990476769323,0.0,0.0,1.0,1.0,0.0,1.0,0.0,0.0,0.0,0.0,0.0,0.0,1.0,0
-0.3895732532335213,-0.5527137238424564,-0.5067873731938901,-0.8971121971099152,0.0,0.0,1.0,0.0,1.0,0.0,1.0,0.0,0.0,0.0,0.0,0.0,1.0,0
-0.424097079248137,-0.5527137238424564,-0.5067873731938901,-0.9790658205678316,0.0,0.0,1.0,0.0,1.0,0.0,1.0,0.0,0.0,0.0,0.0,0.0,1.0,0
-1.9086215978766115,0.5225107881133605,1.8362815210531864,2.0930499962924873,1.0,0.0,0.0,1.0,0.0,1.0,0.0,0.0,0.0,1.0,0.0,0.0,0.0,0
1.4056656995264942,-0.5527137238424564,0.664747073929648,2.6065425394401767,1.0,0.0,0.0,1.0,0.0,0.0,0.0,1.0,1.0,0.0,0.0,0.0,0.0,1
-0.7348115133796782,-0.5527137238424564,-0.5067873731938901,-3.196702684626884,0.0,0.0,1.0,0.0,1.0,0.0,1.0,0.0,0.0,0.0,0.0,0.0,1.0,0
-1.9831930620681812,0.5225107881133605,1.8362815210531864,2.0930499962924873,1.0,0.0,0.0,0.0,1.0,0.0,1.0,0.0,0.0,1.0,0.0,0.0,0.0,1
-0.8729068174381409,0.5225107881133605,-0.5067873731938901,1.7480223453135868,1.0,0.0,0.0,1.0,0.0,0.0,0.0,1.0,0.0,1.0,0.0,0.0,0.0,1
0.024712658941866902,0.5225107881133605,-0.5067873731938901,0.1900865199351116,0.0,1.0,0.0,0.0,1.0,0.0,1.0,0.0,0.0,0.0,0.0,0.0,1.0,0
0.024712658941866902,-0.5527137238424564,-0.5067873731938901,1.0742690949447138,1.0,0.0,0.0,1.0,0.0,1.0,0.0,0.0,0.0,0.0,0.0,1.0,0.0,1
-0.3895732532335213,-0.5527137238424564,-0.5067873731938901,1.467229631182666,1.0,0.0,0.0,1.0,0.0,1.0,0.0,0.0,0.0,1.0,0.0,0.0,0.0,1
-0.8038591654089096,1.5977353000691772,1.8362815210531864,2.667623180027587,1.0,0.0,0.0,1.0,0.0,1.0,0.0,0.0,1.0,0.0,0.0,0.0,0.0,1
-0.25147794917505856,0.5225107881133605,0.664747073929648,0.27106225105153775,0.0,1.0,0.0,1.0,0.0,0.0,0.0,1.0,0.0,0.0,0.0,0.0,1.0,0
-0.11338264511659583,-0.5527137238424564,-0.5067873731938901,-0.8971121971099152,0.0,0.0,1.0,0.0,1.0,0.0,1.0,0.0,0.0,0.0,0.0,0.0,1.0,0
0.9223321353218747,0.5225107881133605,0.664747073929648,0.2807596950381525,0.0,1.0,0.0,0.0,1.0,0.0,1.0,0.0,0.0,0.0,0.0,0.0,1.0,0
-0.25147794917505856,-0.5527137238424564,-0.5067873731938901,-0.9020440453887143,0.0,0.0,1.0,1.0,0.0,1.0,0.0,0.0,0.0,0.0,0.0,0.0,1.0,1
-0.3895732532335213,0.5225107881133605,-0.5067873731938901,0.27106225105153775,0.0,1.0,0.0,1.0,0.0,0.0,0.0,1.0,0.0,0.0,0.0,0.0,1.0,1
1.6818563076434199,-0.5527137238424564,-0.5067873731938901,-0.3473864371197455,0.0,1.0,0.0,0.0,1.0,0.0,0.0,1.0,0.0,0.0,0.0,0.0,1.0,0
0.09376031097109827,-0.5527137238424564,1.8362815210531864,2.1811078530311714,1.0,0.0,0.0,1.0,0.0,1.0,0.0,0.0,0.0,1.0,0.0,0.0,0.0,1
0.7151891792341806,0.5225107881133605,0.664747073929648,1.968346562843447,1.0,0.0,0.0,1.0,0.0,0.0,0.0,1.0,0.0,0.0,0.0,1.0,0.0,1
-0.527668557291984,-0.5527137238424564,-0.5067873731938901,-0.9764097391695418,0.0,0.0,1.0,0.0,1.0,0.0,1.0,0.0,0.0,0.0,0.0,0.0,1.0,0
-0.1824302971458272,-0.5527137238424564,-0.5067873731938901,-0.8971121971099152,0.0,0.0,1.0,0.0,1.0,0.0,1.0,0.0,0.0,0.0,0.0,0.0,1.0,0
0.024712658941866902,-0.5527137238424564,-0.5067873731938901,-0.46999926604992914,0.0,1.0,0.0,1.0,0.0,1.0,0.0,0.0,0.0,0.0,0.0,0.0,1.0,1
-0.527668557291984,0.5225107881133605,0.664747073929648,0.3819189216506971,0.0,1.0,0.0,1.0,0.0,0.0,0.0,1.0,0.0,0.0,0.0,0.0,1.0,1
0.43899857111725515,-0.5527137238424564,-0.5067873731938901,1.9771101044040196,1.0,0.0,0.0,1.0,0.0,1.0,0.0,0.0,0.0,1.0,0.0,0.0,0.0,1
2.1651898718480393,-0.5527137238424564,-0.5067873731938901,-1.114177473249543,0.0,0.0,1.0,0.0,1.0,0.0,1.0,0.0,0.0,0.0,0.0,0.0,1.0,0
0.43899857111725515,-0.5527137238424564,-0.5067873731938901,-0.419978337229253,0.0,1.0,0.0,1.0,0.0,0.0,0.0,1.0,0.0,0.0,1.0,0.0,0.0,1
0.09376031097109827,0.5225107881133605,0.664747073929648,0.032618657493414596,0.0,0.0,1.0,1.0,0.0,0.0,0.0,1.0,0.0,0.0,0.0,0.0,1.0,1
-0.9419544694673723,-0.5527137238424564,0.664747073929648,1.0931694167813928,1.0,0.0,0.0,1.0,0.0,1.0,0.0,0.0,1.0,0.0,0.0,0.0,0.0,1
1.0949512653949531,-0.5527137238424564,-0.5067873731938901,0.3642350562359613,1.0,0.0,0.0,0.0,1.0,0.0,1.0,0.0,0.0,1.0,0.0,0.0,0.0,0
0.5770938751757179,-0.5527137238424564,0.664747073929648,2.106158856818368,1.0,0.0,0.0,0.0,1.0,0.0,1.0,0.0,0.0,1.0,0.0,0.0,0.0,0
-0.9419544694673723,1.5977353000691772,-0.5067873731938901,-0.09866638540407627,0.0,0.0,1.0,0.0,1.0,0.0,1.0,0.0,0.0,0.0,0.0,0.0,1.0,0
-0.044334993087364466,0.5225107881133605,-0.5067873731938901,1.2367091043571294,1.0,0.0,0.0,0.0,1.0,0.0,1.0,0.0,0.0,1.0,0.0,0.0,0.0,0
0.7842368312634119,-0.5527137238424564,-0.5067873731938901,1.968346562843447,1.0,0.0,0.0,1.0,0.0,1.0,0.0,0.0,0.0,0.0,0.0,1.0,0.0,1
1.0604274393803375,-0.5527137238424564,-0.5067873731938901,-0.879030209046522,0.0,0.0,1.0,0.0,1.0,0.0,1.0,0.0,0.0,0.0,0.0,0.0,1.0,1
1.0604274393803375,-0.5527137238424564,-0.5067873731938901,0.5882641772427607,1.0,0.0,0.0,0.0,1.0,0.0,1.0,0.0,0.0,0.0,0.0,0.0,0.0,0
-1.9086215978766115,0.5225107881133605,0.664747073929648,0.27106225105153775,0.0,1.0,0.0,0.0,1.0,0.0,1.0,0.0,0.0,0.0,0.0,0.0,0.0,1
-0.3895732532335213,2.672959812024994,1.8362815210531864,2.6701170546826707,1.0,0.0,0.0,1.0,0.0,1.0,0.0,0.0,0.0,1.0,0.0,0.0,0.0,1
-0.11338264511659583,-0.5527137238424564,-0.5067873731938901,-0.419978337229253,0.0,1.0,0.0,0.0,1.0,0.0,1.0,0.0,0.0,0.0,0.0,0.0,1.0,0
-0.32052560120428997,-0.5527137238424564,-0.5067873731938901,-0.419978337229253,0.0,1.0,0.0,0.0,1.0,0.0,1.0,0.0,0.0,0.0,0.0,0.0,1.0,0
0.43899857111725515,-0.5527137238424564,-0.5067873731938901,-0.419978337229253,0.0,1.0,0.0,0.0,1.0,0.0,1.0,0.0,0.0,0.0,0.0,0.0,1.0,0
-0.3895732532335213,-0.5527137238424564,-0.5067873731938901,-0.419978337229253,0.0,1.0,0.0,1.0,0.0,1.0,0.0,0.0,0.0,0.0,0.0,0.0,0.0,1
0.7151891792341806,-0.5527137238424564,-0.5067873731938901,-0.419978337229253,0.0,1.0,0.0,1.0,0.0,1.0,0.0,0.0,0.0,0.0,0.0,0.0,1.0,1
-1.83957394584738,0.5225107881133605,0.664747073929648,-0.22190161318375579,0.0,0.0,1.0,0.0,1.0,0.0,1.0,0.0,0.0,0.0,0.0,0.0,1.0,1
0.8532844832926434,-0.5527137238424564,-0.5067873731938901,-0.8101263745641574,0.0,0.0,1.0,0.0,1.0,0.0,1.0,0.0,0.0,0.0,0.0,0.0,1.0,0
-0.4586209052627527,-0.5527137238424564,-0.5067873731938901,-0.7505914066326832,0.0,0.0,1.0,0.0,1.0,0.0,1.0,0.0,0.0,0.0,0.0,0.0,1.0,0
-1.0110021214966036,0.5225107881133605,0.664747073929648,-0.9790658205678316,0.0,0.0,1.0,0.0,1.0,0.0,1.0,0.0,0.0,0.0,0.0,0.0,1.0,0
-0.32052560120428997,0.5225107881133605,-0.5067873731938901,-0.10980051284237943,0.0,0.0,1.0,0.0,1.0,0.0,1.0,0.0,0.0,0.0,0.0,0.0,1.0,0
-0.11338264511659583,-0.5527137238424564,-0.5067873731938901,-0.7226674095439973,0.0,0.0,1.0,0.0,1.0,0.0,1.0,0.0,0.0,0.0,0.0,0.0,1.0,0
-0.527668557291984,-0.5527137238424564,0.664747073929648,1.0386323803116326,1.0,0.0,0.0,1.0,0.0,1.0,0.0,0.0,0.0,0.0,0.0,1.0,0.0,1
0.5770938751757179,-0.5527137238424564,-0.5067873731938901,-0.419978337229253,0.0,1.0,0.0,1.0,0.0,1.0,0.0,0.0,0.0,0.0,0.0,0.0,1.0,0
0.7151891792341806,0.5225107881133605,4.179350415300263,0.3426144621195378,0.0,0.0,1.0,0.0,1.0,0.0,1.0,0.0,0.0,0.0,0.0,0.0,1.0,0
-0.044334993087364466,0.5225107881133605,-0.5067873731938901,0.3360699984503438,0.0,1.0,0.0,0.0,1.0,0.0,1.0,0.0,0.0,0.0,0.0,0.0,1.0,0
1.0604274393803375,-0.5527137238424564,0.664747073929648,-0.3159997066988313,0.0,0.0,1.0,1.0,0.0,0.0,0.0,1.0,0.0,0.0,0.0,0.0,1.0,0
0.36995091908802374,-0.5527137238424564,-0.5067873731938901,-1.0022310405390933,0.0,0.0,1.0,0.0,1.0,0.0,1.0,0.0,0.0,0.0,0.0,0.0,1.0,0
0.024712658941866902,-0.5527137238424564,-0.5067873731938901,-0.9764097391695418,0.0,0.0,1.0,0.0,1.0,0.0,1.0,0.0,0.0,0.0,0.0,0.0,1.0,0
2.096142219818808,0.5225107881133605,-0.5067873731938901,1.3633997218577887,1.0,0.0,0.0,1.0,0.0,0.0,0.0,1.0,0.0,0.0,1.0,0.0,0.0,1
-0.3895732532335213,-0.5527137238424564,-0.5067873731938901,1.2779159093623937,1.0,0.0,0.0,1.0,0.0,0.0,0.0,1.0,1.0,0.0,0.0,0.0,0.0,1
-0.32052560120428997,0.5225107881133605,-0.5067873731938901,1.046898775610589,1.0,0.0,0.0,0.0,1.0,0.0,1.0,0.0,0.0,0.0,0.0,1.0,0.0,1
-0.8038591654089096,0.5225107881133605,-0.5067873731938901,-1.0772811734569727,0.0,0.0,1.0,0.0,1.0,0.0,1.0,0.0,0.0,0.0,0.0,0.0,1.0,0
-0.7348115133796782,-0.5527137238424564,-0.5067873731938901,-0.879030209046522,0.0,0.0,1.0,0.0,1.0,0.0,1.0,0.0,0.0,0.0,0.0,0.0,1.0,0
-0.527668557291984,-0.5527137238424564,-0.5067873731938901,1.9771101044040196,1.0,0.0,0.0,0.0,1.0,0.0,1.0,0.0,0.0,0.0,0.0,0.0,1.0,0
-1.83957394584738,2.672959812024994,0.664747073929648,0.05916551859723972,0.0,0.0,1.0,1.0,0.0,1.0,0.0,0.0,0.0,0.0,0.0,0.0,1.0,0
-0.527668557291984,-0.5527137238424564,-0.5067873731938901,-0.9764097391695418,0.0,0.0,1.0,1.0,0.0,1.0,0.0,0.0,0.0,0.0,0.0,0.0,1.0,1
-0.1824302971458272,-0.5527137238424564,1.8362815210531864,2.4417897150636003,1.0,0.0,0.0,0.0,1.0,0.0,1.0,0.0,0.0,1.0,0.0,0.0,0.0,0
-0.6657638613504469,-0.5527137238424564,-0.5067873731938901,-1.5006809518314597,0.0,0.0,1.0,0.0,1.0,0.0,1.0,0.0,0.0,0.0,0.0,0.0,1.0,0
-0.7348115133796782,-0.5527137238424564,-0.5067873731938901,-0.9114979112935031,0.0,0.0,1.0,0.0,1.0,0.0,1.0,0.0,0.0,0.0,0.0,0.0,1.0,0
0.8532844832926434,-0.5527137238424564,-0.5067873731938901,2.5182859411603884,1.0,0.0,0.0,1.0,0.0,1.0,0.0,0.0,0.0,0.0,0.0,0.0,1.0,1
-1.9776692499058428,-0.5527137238424564,1.8362815210531864,-0.23180354943037942,0.0,0.0,1.0,1.0,0.0,1.0,0.0,0.0,0.0,0.0,0.0,0.0,1.0,1
0.16280796300032965,-0.5527137238424564,-0.5067873731938901,-0.8936641754669489,0.0,0.0,1.0,0.0,1.0,0.0,1.0,0.0,0.0,0.0,0.0,0.0,1.0,0
0.36995091908802374,0.5225107881133605,-0.5067873731938901,0.9807003974968863,1.0,0.0,0.0,1.0,0.0,0.0,0.0,1.0,0.0,0.0,0.0,0.0,1.0,1
-0.8038591654089096,-0.5527137238424564,-0.5067873731938901,1.3389702444426148,0.0,1.0,0.0,0.0,1.0,0.0,1.0,0.0,0.0,0.0,0.0,0.0,1.0,0
-1.9776692499058428,4.823408835936628,1.8362815210531864,0.8742460982759304,0.0,0.0,1.0,0.0,1.0,0.0,1.0,0.0,0.0,0.0,0.0,0.0,1.0,0
0.43899857111725515,-0.5527137238424564,-0.5067873731938901,-0.419978337229253,0.0,1.0,0.0,1.0,0.0,1.0,0.0,0.0,0.0,0.0,0.0,0.0,1.0,1
-0.8729068174381409,-0.5527137238424564,-0.5067873731938901,-0.49795216837959955,0.0,1.0,0.0,1.0,0.0,1.0,0.0,0.0,0.0,0.0,0.0,0.0,1.0,1
0.43899857111725515,0.5225107881133605,1.8362815210531864,1.8492613509172897,1.0,0.0,0.0,0.0,1.0,0.0,1.0,0.0,1.0,0.0,0.0,0.0,0.0,1
-0.5967162093212154,-0.5527137238424564,-0.5067873731938901,-0.9090068412352071,0.0,0.0,1.0,0.0,1.0,0.0,1.0,0.0,0.0,0.0,0.0,0.0,1.0,1
-0.11338264511659583,1.5977353000691772,-0.5067873731938901,-0.8936641754669489,0.0,0.0,1.0,0.0,1.0,0.0,1.0,0.0,0.0,0.0,0.0,0.0,1.0,0
-0.4586209052627527,0.5225107881133605,-0.5067873731938901,1.7890956800462867,1.0,0.0,0.0,1.0,0.0,1.0,0.0,0.0,0.0,0.0,1.0,0.0,0.0,1
-0.3895732532335213,-0.5527137238424564,1.8362815210531864,-0.17323790081889628,0.0,0.0,1.0,1.0,0.0,0.0,0.0,1.0,0.0,0.0,0.0,0.0,0.0,1
-0.527668557291984,-0.5527137238424564,-0.5067873731938901,-0.9090068412352071,0.0,0.0,1.0,0.0,1.0,0.0,1.0,0.0,0.0,0.0,0.0,0.0,1.0,0
0.09376031097109827,-0.5527137238424564,-0.5067873731938901,-0.9020440453887143,0.0,0.0,1.0,1.0,0.0,1.0,0.0,0.0,0.0,0.0,0.0,0.0,1.0,0
1.1294750914095688,-0.5527137238424564,-0.5067873731938901,0.27106225105153775,0.0,1.0,0.0,0.0,1.0,0.0,1.0,0.0,0.0,0.0,0.0,0.0,1.0,0
-0.4586209052627527,-0.5527137238424564,-0.5067873731938901,-0.6269500681148421,0.0,1.0,0.0,0.0,1.0,0.0,0.0,1.0,0.0,0.0,0.0,0.0,1.0,0
-0.11338264511659583,-0.5527137238424564,-0.5067873731938901,-0.44661685434815307,0.0,1.0,0.0,1.0,0.0,0.0,0.0,1.0,0.0,0.0,0.0,0.0,1.0,1
0.6461415272049492,-0.5527137238424564,-0.5067873731938901,-0.8936641754669489,0.0,0.0,1.0,0.0,1.0,0.0,1.0,0.0,0.0,0.0,0.0,0.0,1.0,1
-0.25147794917505856,-0.5527137238424564,-0.5067873731938901,-0.879030209046522,0.0,0.0,1.0,0.0,1.0,0.0,1.0,0.0,0.0,0.0,0.0,0.0,1.0,0
-0.5967162093212154,0.5225107881133605,-0.5067873731938901,-0.6905942394113169,0.0,0.0,1.0,1.0,0.0,1.0,0.0,0.0,0.0,0.0,0.0,0.0,1.0,0
-0.11338264511659583,0.5225107881133605,-0.5067873731938901,-0.22501914205531862,0.0,0.0,1.0,0.0,1.0,0.0,1.0,0.0,0.0,0.0,0.0,0.0,1.0,0
-0.6657638613504469,-0.5527137238424564,-0.5067873731938901,-0.8101263745641574,0.0,0.0,1.0,1.0,0.0,1.0,0.0,0.0,0.0,0.0,0.0,0.0,1.0,0
0.3009032670587924,0.5225107881133605,-0.5067873731938901,0.05558469191564552,0.0,1.0,0.0,0.0,1.0,0.0,1.0,0.0,0.0,0.0,0.0,0.0,1.0,0
1.4747133515557256,-0.5527137238424564,-0.5067873731938901,-0.9144998112595822,0.0,0.0,1.0,0.0,1.0,0.0,1.0,0.0,0.0,0.0,0.0,0.0,1.0,0
-1.83957394584738,0.5225107881133605,0.664747073929648,-0.057932322008258576,0.0,1.0,0.0,0.0,1.0,0.0,1.0,0.0,0.0,0.0,0.0,0.0,1.0,1
-0.5967162093212154,-0.5527137238424564,-0.5067873731938901,-0.9114979112935031,0.0,0.0,1.0,0.0,1.0,0.0,1.0,0.0,0.0,0.0,0.0,0.0,1.0,0
0.231855615029561,0.5225107881133605,-0.5067873731938901,1.5494668202475887,1.0,0.0,0.0,1.0,0.0,1.0,0.0,0.0,0.0,1.0,0.0,0.0,0.0,1
0.9913797873511061,-0.5527137238424564,-0.5067873731938901,-0.8936641754669489,0.0,0.0,1.0,0.0,1.0,0.0,1.0,0.0,0.0,0.0,0.0,0.0,1.0,1
0.3009032670587924,0.5225107881133605,0.664747073929648,0.49802330998298244,0.0,1.0,0.0,1.0,0.0,0.0,0.0,1.0,0.0,0.0,0.0,0.0,1.0,1
-0.8038591654089096,-0.5527137238424564,1.8362815210531864,-0.419978337229253,0.0,1.0,0.0,1.0,0.0,1.0,0.0,0.0,0.0,0.0,0.0,0.0,1.0,1
0.024712658941866902,-0.5527137238424564,-0.5067873731938901,-0.419978337229253,0.0,1.0,0.0,0.0,1.0,0.0,1.0,0.0,0.0,0.0,0.0,0.0,1.0,0
-1.3562403816427606,-0.5527137238424564,1.8362815210531864,0.19638064772404645,0.0,0.0,1.0,1.0,0.0,1.0,0.0,0.0,0.0,0.0,0.0,0.0,1.0,0
-0.5967162093212154,-0.5527137238424564,-0.5067873731938901,-0.9165098625189366,0.0,0.0,1.0,0.0,1.0,0.0,1.0,0.0,0.0,0.0,0.0,0.0,1.0,0
-0.044334993087364466,-0.5527137238424564,-0.5067873731938901,-0.8995752316003537,0.0,0.0,1.0,0.0,1.0,0.0,1.0,0.0,0.0,0.0,0.0,0.0,1.0,0
-0.11338264511659583,0.5225107881133605,0.664747073929648,-0.31969628050860627,0.0,0.0,1.0,1.0,0.0,0.0,0.0,1.0,0.0,0.0,0.0,0.0,1.0,0
-0.8038591654089096,0.5225107881133605,0.664747073929648,0.017231351601925342,0.0,0.0,1.0,0.0,1.0,0.0,1.0,0.0,0.0,0.0,0.0,0.0,1.0,0
-0.11338264511659583,0.5225107881133605,-0.5067873731938901,0.27106225105153775,0.0,1.0,0.0,1.0,0.0,0.0,0.0,1.0,0.0,0.0,0.0,0.0,1.0,1
-0.7348115133796782,-0.5527137238424564,-0.5067873731938901,0.27106225105153775,0.0,1.0,0.0,1.0,0.0,1.0,0.0,0.0,0.0,0.0,0.0,0.0,1.0,1
0.16280796300032965,-0.5527137238424564,-0.5067873731938901,-0.879030209046522,0.0,0.0,1.0,0.0,1.0,0.0,1.0,0.0,0.0,0.0,0.0,1.0,0.0,1
-0.11338264511659583,-0.5527137238424564,-0.5067873731938901,0.2922798673255464,1.0,0.0,0.0,0.0,1.0,0.0,1.0,0.0,0.0,1.0,0.0,0.0,0.0,1
0.8532844832926434,0.5225107881133605,-0.5067873731938901,0.27106225105153775,0.0,1.0,0.0,1.0,0.0,0.0,0.0,1.0,0.0,0.0,0.0,0.0,1.0,1
-0.8729068174381409,-0.5527137238424564,-0.5067873731938901,-0.9924736424099293,0.0,0.0,1.0,0.0,1.0,0.0,1.0,0.0,0.0,0.0,0.0,0.0,1.0,0
1.4056656995264942,0.5225107881133605,-0.5067873731938901,1.0554077348093598,1.0,0.0,0.0,0.0,1.0,0.0,1.0,0.0,0.0,0.0,0.0,1.0,0.0,0
-1.080049773525835,0.5225107881133605,1.8362815210531864,1.8492613509172897,1.0,0.0,0.0,1.0,0.0,1.0,0.0,0.0,1.0,0.0,0.0,0.0,0.0,1
-0.5967162093212154,1.5977353000691772,1.8362815210531864,0.5553241409129361,0.0,0.0,1.0,1.0,0.0,1.0,0.0,0.0,0.0,0.0,0.0,0.0,1.0,0
-0.3895732532335213,1.5977353000691772,3.007815968176725,-0.057932322008258576,0.0,1.0,0.0,1.0,0.0,0.0,0.0,1.0,0.0,0.0,0.0,0.0,1.0,1
2.372332827935734,0.5225107881133605,4.179350415300263,2.6701170546826707,1.0,0.0,0.0,0.0,1.0,0.0,1.0,0.0,0.0,1.0,0.0,0.0,0.0,0
0.09376031097109827,-0.5527137238424564,-0.5067873731938901,-0.6269500681148421,0.0,1.0,0.0,0.0,1.0,0.0,1.0,0.0,0.0,0.0,0.0,0.0,1.0,0
1.0604274393803375,0.5225107881133605,0.664747073929648,0.2807596950381525,0.0,1.0,0.0,1.0,0.0,0.0,0.0,1.0,0.0,0.0,0.0,0.0,1.0,1
-0.6657638613504469,-0.5527137238424564,-0.5067873731938901,-0.7226674095439973,0.0,0.0,1.0,0.0,1.0,0.0,1.0,0.0,0.0,0.0,0.0,0.0,1.0,0
-0.32052560120428997,0.5225107881133605,-0.5067873731938901,-0.9114979112935031,0.0,0.0,1.0,0.0,1.0,0.0,1.0,0.0,0.0,0.0,0.0,0.0,1.0,0
-0.11338264511659583,-0.5527137238424564,-0.5067873731938901,-0.419978337229253,0.0,1.0,0.0,1.0,0.0,1.0,0.0,0.0,0.0,0.0,0.0,0.0,1.0,1
-1.7705262938181487,-0.5527137238424564,1.8362815210531864,1.4508499130482937,1.0,0.0,0.0,0.0,1.0,0.0,1.0,0.0,0.0,0.0,0.0,0.0,0.0,1
-1.1490974255550663,-0.5527137238424564,0.664747073929648,-0.01871665653803139,0.0,1.0,0.0,1.0,0.0,1.0,0.0,0.0,0.0,0.0,0.0,0.0,1.0,1
0.3009032670587924,-0.5527137238424564,-0.5067873731938901,0.2922798673255464,1.0,0.0,0.0,0.0,1.0,0.0,1.0,0.0,0.0,0.0,0.0,0.0,1.0,1
-1.7014786417889174,1.5977353000691772,0.664747073929648,-0.03119565177524214,0.0,0.0,1.0,1.0,0.0,1.0,0.0,0.0,0.0,0.0,0.0,0.0,1.0,1
1.5437610035849572,-0.5527137238424564,-0.5067873731938901,0.43325423568214305,1.0,0.0,0.0,0.0,1.0,0.0,1.0,0.0,0.0,1.0,0.0,0.0,0.0,1
0.43899857111725515,0.5225107881133605,1.8362815210531864,0.3371391753957133,0.0,1.0,0.0,0.0,1.0,0.0,1.0,0.0,0.0,0.0,0.0,0.0,1.0,0
0.024712658941866902,-0.5527137238424564,-0.5067873731938901,0.3371391753957133,1.0,0.0,0.0,0.0,1.0,0.0,1.0,0.0,0.0,1.0,0.0,0.0,0.0,0
1.3366180474972629,0.5225107881133605,-0.5067873731938901,1.5390580357489043,1.0,0.0,0.0,0.0,1.0,0.0,1.0,0.0,0.0,1.0,0.0,0.0,0.0,1
-0.044334993087364466,-0.5527137238424564,-0.5067873731938901,-0.8971121971099152,0.0,0.0,1.0,0.0,1.0,0.0,1.0,0.0,0.0,0.0,0.0,0.0,1.0,1
2.441380479964965,-0.5527137238424564,-0.5067873731938901,0.2922798673255464,1.0,0.0,0.0,0.0,1.0,0.0,1.0,0.0,0.0,0.0,0.0,1.0,0.0,0
1.4056656995264942,-0.5527137238424564,-0.5067873731938901,-0.6269500681148421,0.0,1.0,0.0,1.0,0.0,1.0,0.0,0.0,0.0,0.0,0.0,0.0,1.0,1
1.2675703954680315,-0.5527137238424564,-0.5067873731938901,0.2922798673255464,1.0,0.0,0.0,0.0,1.0,0.0,1.0,0.0,0.0,0.0,0.0,1.0,0.0,1
0.3009032670587924,-0.5527137238424564,-0.5067873731938901,-0.879030209046522,0.0,0.0,1.0,0.0,1.0,0.0,1.0,0.0,0.0,0.0,0.0,0.0,1.0,0
1.1985227434388002,-0.5527137238424564,-0.5067873731938901,0.671373036762184,1.0,0.0,0.0,0.0,1.0,0.0,1.0,0.0,0.0,0.0,0.0,1.0,0.0,0
1.2675703954680315,-0.5527137238424564,-0.5067873731938901,-0.419978337229253,0.0,1.0,0.0,0.0,1.0,0.0,1.0,0.0,0.0,0.0,0.0,0.0,1.0,0
0.5770938751757179,-0.5527137238424564,-0.5067873731938901,-1.0022310405390933,0.0,0.0,1.0,0.0,1.0,0.0,1.0,0.0,0.0,0.0,0.0,0.0,1.0,0
1.8199516117018826,-0.5527137238424564,-0.5067873731938901,0.2922798673255464,1.0,0.0,0.0,0.0,1.0,0.0,1.0,0.0,0.0,0.0,0.0,0.0,1.0,0
-1.9949311629131508,1.5977353000691772,0.664747073929648,-0.03119565177524214,0.0,0.0,1.0,1.0,0.0,1.0,0.0,0.0,0.0,0.0,0.0,0.0,1.0,1
0.5770938751757179,-0.5527137238424564,-0.5067873731938901,-0.8101263745641574,0.0,0.0,1.0,0.0,1.0,0.0,1.0,0.0,0.0,0.0,0.0,0.0,1.0,0
0.231855615029561,0.5225107881133605,1.8362815210531864,0.3371391753957133,0.0,1.0,0.0,1.0,0.0,0.0,0.0,1.0,0.0,0.0,0.0,0.0,1.0,1
-0.4586209052627527,-0.5527137238424564,-0.5067873731938901,-0.36209990347160603,0.0,1.0,0.0,1.0,0.0,0.0,0.0,1.0,0.0,0.0,1.0,0.0,0.0,1
-0.527668557291984,-0.5527137238424564,-0.5067873731938901,-0.6893799689656491,0.0,0.0,1.0,1.0,0.0,1.0,0.0,0.0,0.0,0.0,0.0,0.0,1.0,0
0.3009032670587924,0.5225107881133605,-0.5067873731938901,0.05558469191564552,0.0,1.0,0.0,0.0,1.0,0.0,1.0,0.0,0.0,0.0,0.0,0.0,1.0,0
-0.044334993087364466,0.5225107881133605,-0.5067873731938901,-1.0027801395640248,0.0,0.0,1.0,0.0,1.0,0.0,1.0,0.0,0.0,0.0,0.0,0.0,1.0,0
-0.527668557291984,-0.5527137238424564,-0.5067873731938901,-0.942427924406097,0.0,0.0,1.0,0.0,1.0,0.0,1.0,0.0,0.0,0.0,0.0,0.0,1.0,0
-1.9086215978766115,-0.5527137238424564,0.664747073929648,-0.4749366999081723,0.0,0.0,1.0,1.0,0.0,1.0,0.0,0.0,0.0,0.0,0.0,0.0,1.0,1
-1.425288033671992,4.823408835936628,1.8362815210531864,0.8742460982759304,0.0,0.0,1.0,0.0,1.0,0.0,1.0,0.0,0.0,0.0,0.0,0.0,1.0,0
1.4056656995264942,-0.5527137238424564,-0.5067873731938901,-0.879030209046522,0.0,0.0,1.0,0.0,1.0,0.0,1.0,0.0,0.0,0.0,0.0,0.0,1.0,0
2.3032851759065025,-0.5527137238424564,-0.5067873731938901,-0.7139356978182898,0.0,0.0,1.0,1.0,0.0,0.0,0.0,1.0,0.0,0.0,0.0,0.0,1.0,1
-0.32052560120428997,0.5225107881133605,-0.5067873731938901,1.5618713955614216,1.0,0.0,0.0,0.0,1.0,0.0,1.0,0.0,1.0,0.0,0.0,0.0,0.0,1
0.36995091908802374,0.5225107881133605,-0.5067873731938901,1.5494668202475887,1.0,0.0,0.0,1.0,0.0,0.0,0.0,1.0,0.0,1.0,0.0,0.0,0.0,1
1.9580469157603453,-0.5527137238424564,-0.5067873731938901,0.40618739971979795,1.0,0.0,0.0,0.0,1.0,0.0,1.0,0.0,1.0,0.0,0.0,0.0,0.0,0
0.024712658941866902,-0.5527137238424564,-0.5067873731938901,-0.879030209046522,0.0,0.0,1.0,0.0,1.0,0.0,1.0,0.0,0.0,0.0,0.0,0.0,1.0,0
-1.425288033671992,0.5225107881133605,0.664747073929648,-0.22190161318375579,0.0,0.0,1.0,0.0,1.0,0.0,1.0,0.0,0.0,0.0,0.0,0.0,1.0,1
-0.5967162093212154,-0.5527137238424564,-0.5067873731938901,-0.9764097391695418,0.0,0.0,1.0,0.0,1.0,0.0,1.0,0.0,0.0,0.0,0.0,0.0,1.0,0
1.7509039596726512,-0.5527137238424564,-0.5067873731938901,0.43325423568214305,1.0,0.0,0.0,0.0,1.0,0.0,1.0,0.0,0.0,1.0,0.0,0.0,0.0,0
2.8556663921403533,-0.5527137238424564,-0.5067873731938901,0.9299487739724974,1.0,0.0,0.0,0.0,1.0,0.0,1.0,0.0,0.0,0.0,0.0,0.0,1.0,0
-0.5967162093212154,-0.5527137238424564,-0.5067873731938901,-0.879030209046522,0.0,0.0,1.0,0.0,1.0,0.0,1.0,0.0,0.0,0.0,0.0,0.0,1.0,0
1.6818563076434199,0.5225107881133605,-0.5067873731938901,1.4042244697347273,1.0,0.0,0.0,1.0,0.0,1.0,0.0,0.0,0.0,0.0,1.0,0.0,0.0,1
-0.32052560120428997,0.5225107881133605,1.8362815210531864,2.0930499962924873,1.0,0.0,0.0,1.0,0.0,0.0,0.0,1.0,0.0,1.0,0.0,0.0,0.0,0
-0.3895732532335213,-0.5527137238424564,-0.5067873731938901,-0.9090068412352071,0.0,0.0,1.0,0.0,1.0,0.0,1.0,0.0,0.0,0.0,0.0,0.0,1.0,0
-0.8729068174381409,-0.5527137238424564,-0.5067873731938901,-0.8101263745641574,0.0,0.0,1.0,0.0,1.0,0.0,1.0,0.0,0.0,0.0,0.0,0.0,1.0,0
-0.5967162093212154,-0.5527137238424564,-0.5067873731938901,-0.9144998112595822,0.0,0.0,1.0,1.0,0.0,1.0,0.0,0.0,0.0,0.0,0.0,0.0,1.0,0
0.5080462231464865,-0.5527137238424564,-0.5067873731938901,-0.7139356978182898,0.0,0.0,1.0,1.0,0.0,1.0,0.0,0.0,0.0,0.0,0.0,0.0,1.0,0
-0.9419544694673723,-0.5527137238424564,-0.5067873731938901,1.5082001497918582,1.0,0.0,0.0,1.0,0.0,1.0,0.0,0.0,1.0,0.0,0.0,0.0,0.0,1
-0.8038591654089096,0.5225107881133605,-0.5067873731938901,1.7480223453135868,1.0,0.0,0.0,0.0,1.0,0.0,1.0,0.0,0.0,1.0,0.0,0.0,0.0,0
0.231855615029561,-0.5527137238424564,1.8362815210531864,0.27106225105153775,0.0,1.0,0.0,1.0,0.0,0.0,0.0,1.0,0.0,0.0,0.0,0.0,1.0,1
-0.11338264511659583,-0.5527137238424564,-0.5067873731938901,0.12610210164097338,0.0,0.0,1.0,0.0,1.0,0.0,1.0,0.0,0.0,0.0,0.0,0.0,1.0,0
-0.25147794917505856,-0.5527137238424564,-0.5067873731938901,1.0663676775514903,0.0,0.0,1.0,0.0,1.0,0.0,1.0,0.0,0.0,0.0,0.0,0.0,1.0,1
-0.044334993087364466,-0.5527137238424564,-0.5067873731938901,-0.9144998112595822,0.0,0.0,1.0,0.0,1.0,0.0,1.0,0.0,0.0,0.0,0.0,0.0,1.0,1
0.43899857111725515,-0.5527137238424564,-0.5067873731938901,0.2822066334615463,1.0,0.0,0.0,0.0,1.0,0.0,1.0,0.0,0.0,0.0,0.0,1.0,0.0,1
1.6818563076434199,0.5225107881133605,-0.5067873731938901,1.1182154372017086,1.0,0.0,0.0,1.0,0.0,0.0,0.0,1.0,0.0,0.0,0.0,0.0,1.0,1
-0.3895732532335213,-0.5527137238424564,-0.5067873731938901,-0.9455195113899686,0.0,0.0,1.0,0.0,1.0,0.0,1.0,0.0,0.0,0.0,0.0,0.0,1.0,0
1.1985227434388002,-0.5527137238424564,-0.5067873731938901,0.5447360073173112,1.0,0.0,0.0,0.0,1.0,0.0,1.0,0.0,0.0,0.0,1.0,0.0,0.0,0
0.3009032670587924,-0.5527137238424564,-0.5067873731938901,-0.6269500681148421,0.0,1.0,0.0,1.0,0.0,0.0,0.0,1.0,0.0,0.0,0.0,0.0,0.0,1
0.43899857111725515,0.5225107881133605,-0.5067873731938901,0.27106225105153775,0.0,1.0,0.0,1.0,0.0,0.0,0.0,1.0,0.0,0.0,0.0,0.0,1.0,1
0.16280796300032965,-0.5527137238424564,-0.5067873731938901,-0.8971121971099152,0.0,0.0,1.0,0.0,1.0,0.0,1.0,0.0,0.0,0.0,0.0,0.0,1.0,0
0.024712658941866902,-0.5527137238424564,-0.5067873731938901,1.5891758809082839,1.0,0.0,0.0,1.0,0.0,1.0,0.0,0.0,1.0,0.0,0.0,0.0,0.0,1
-0.527668557291984,-0.5527137238424564,-0.5067873731938901,-0.8971121971099152,0.0,0.0,1.0,0.0,1.0,0.0,1.0,0.0,0.0,0.0,0.0,0.0,1.0,0
0.9913797873511061,-0.5527137238424564,0.664747073929648,1.0931694167813928,1.0,0.0,0.0,1.0,0.0,0.0,0.0,1.0,1.0,0.0,0.0,0.0,0.0,1
0.7497130052487962,-0.5527137238424564,-0.5067873731938901,-0.9144998112595822,0.0,0.0,1.0,0.0,1.0,0.0,1.0,0.0,0.0,0.0,0.0,0.0,1.0,0
1.4056656995264942,-0.5527137238424564,-0.5067873731938901,-0.6269500681148421,0.0,1.0,0.0,1.0,0.0,1.0,0.0,0.0,0.0,0.0,0.0,0.0,1.0,1
0.6461415272049492,-0.5527137238424564,-0.5067873731938901,-0.8936641754669489,0.0,0.0,1.0,0.0,1.0,0.0,1.0,0.0,0.0,0.0,0.0,0.0,1.0,0
-0.4586209052627527,1.5977353000691772,0.664747073929648,-0.5392188388353305,0.0,1.0,0.0,0.0,1.0,0.0,1.0,0.0,0.0,0.0,0.0,0.0,1.0,0
-1.9086215978766115,0.5225107881133605,0.664747073929648,0.27106225105153775,0.0,1.0,0.0,1.0,0.0,1.0,0.0,0.0,0.0,0.0,0.0,0.0,1.0,1
-0.8729068174381409,0.5225107881133605,0.664747073929648,-0.9790658205678316,0.0,0.0,1.0,0.0,1.0,0.0,1.0,0.0,0.0,0.0,0.0,0.0,1.0,0
0.024712658941866902,-0.5527137238424564,-0.5067873731938901,-0.8101263745641574,0.0,0.0,1.0,1.0,0.0,1.0,0.0,0.0,0.0,0.0,0.0,0.0,1.0,0
-1.5633833377304547,-0.5527137238424564,1.8362815210531864,0.2807596950381525,0.0,1.0,0.0,1.0,0.0,1.0,0.0,0.0,0.0,0.0,0.0,0.0,1.0,1
1.0604274393803375,-0.5527137238424564,-0.5067873731938901,0.2922798673255464,1.0,0.0,0.0,0.0,1.0,0.0,1.0,0.0,1.0,0.0,0.0,0.0,0.0,0
0.024712658941866902,-0.5527137238424564,-0.5067873731938901,1.7240561976442257,1.0,0.0,0.0,1.0,0.0,1.0,0.0,0.0,0.0,0.0,0.0,0.0,1.0,1
-0.527668557291984,-0.5527137238424564,1.8362815210531864,0.9298612708004513,1.0,0.0,0.0,1.0,0.0,1.0,0.0,0.0,1.0,0.0,0.0,0.0,0.0,1
0.43899857111725515,-0.5527137238424564,1.8362815210531864,1.3030566821367247,1.0,0.0,0.0,1.0,0.0,1.0,0.0,0.0,1.0,0.0,0.0,0.0,0.0,1
-1.425288033671992,3.748184323980811,1.8362815210531864,0.45882752275355093,0.0,0.0,1.0,1.0,0.0,1.0,0.0,0.0,0.0,0.0,0.0,0.0,1.0,0
-1.287192729613529,3.748184323980811,1.8362815210531864,0.45882752275355093,0.0,0.0,1.0,1.0,0.0,1.0,0.0,0.0,0.0,0.0,0.0,0.0,1.0,0
0.16280796300032965,0.5225107881133605,-0.5067873731938901,0.27106225105153775,0.0,1.0,0.0,0.0,1.0,0.0,1.0,0.0,0.0,0.0,0.0,0.0,1.0,1
1.4056656995264942,0.5225107881133605,-0.5067873731938901,1.7240561976442257,1.0,0.0,0.0,0.0,1.0,0.0,1.0,0.0,0.0,1.0,0.0,0.0,0.0,0
2.372332827935734,-0.5527137238424564,-0.5067873731938901,0.27106225105153775,1.0,0.0,0.0,0.0,1.0,0.0,1.0,0.0,0.0,0.0,0.0,0.0,1.0,0
-0.7348115133796782,0.5225107881133605,-0.5067873731938901,0.27106225105153775,0.0,1.0,0.0,1.0,0.0,0.0,0.0,1.0,0.0,0.0,0.0,0.0,1.0,1
0.231855615029561,0.5225107881133605,0.664747073929648,0.032618657493414596,0.0,0.0,1.0,0.0,1.0,0.0,1.0,0.0,0.0,0.0,0.0,0.0,1.0,0
-1.4943356857012233,0.5225107881133605,0.664747073929648,0.6236939631713788,0.0,1.0,0.0,0.0,1.0,0.0,1.0,0.0,0.0,0.0,0.0,0.0,1.0,1
-0.8729068174381409,-0.5527137238424564,1.8362815210531864,1.7668408489361171,1.0,0.0,0.0,0.0,1.0,0.0,1.0,0.0,0.0,1.0,0.0,0.0,0.0,1
-0.1824302971458272,-0.5527137238424564,-0.5067873731938901,0.27106225105153775,0.0,1.0,0.0,0.0,1.0,0.0,1.0,0.0,0.0,0.0,0.0,0.0,1.0,0
-0.527668557291984,-0.5527137238424564,-0.5067873731938901,-0.9796029592969611,0.0,0.0,1.0,0.0,1.0,0.0,1.0,0.0,0.0,0.0,0.0,0.0,1.0,1
-0.527668557291984,-0.5527137238424564,-0.5067873731938901,-0.9114979112935031,0.0,0.0,1.0,1.0,0.0,1.0,0.0,0.0,0.0,0.0,0.0,0.0,1.0,1
2.234237523877271,-0.5527137238424564,-0.5067873731938901,0.2922798673255464,1.0,0.0,0.0,0.0,1.0,0.0,1.0,0.0,0.0,0.0,0.0,0.0,1.0,0
1.2675703954680315,0.5225107881133605,-0.5067873731938901,0.7002732742708122,1.0,0.0,0.0,1.0,0.0,1.0,0.0,0.0,0.0,0.0,0.0,0.0,0.0,1
0.6461415272049492,0.5225107881133605,0.664747073929648,1.4224276524917316,1.0,0.0,0.0,1.0,0.0,0.0,0.0,1.0,0.0,0.0,0.0,1.0,0.0,1
0.43899857111725515,0.5225107881133605,-0.5067873731938901,-0.1324285940845123,0.0,0.0,1.0,1.0,0.0,0.0,0.0,1.0,0.0,0.0,0.0,0.0,1.0,1
0.7151891792341806,-0.5527137238424564,-0.5067873731938901,-0.8971121971099152,0.0,0.0,1.0,0.0,1.0,0.0,1.0,0.0,0.0,0.0,0.0,0.0,1.0,0
-0.11338264511659583,-0.5527137238424564,-0.5067873731938901,-0.38305647084582106,0.0,1.0,0.0,0.0,1.0,0.0,1.0,0.0,0.0,0.0,0.0,0.0,1.0,0
-0.3895732532335213,1.5977353000691772,-0.5067873731938901,0.19638064772404645,0.0,0.0,1.0,0.0,1.0,0.0,1.0,0.0,0.0,0.0,0.0,0.0,1.0,0
-0.7348115133796782,-0.5527137238424564,-0.5067873731938901,-0.8971121971099152,0.0,0.0,1.0,0.0,1.0,0.0,1.0,0.0,0.0,0.0,0.0,0.0,1.0,0
-0.044334993087364466,-0.5527137238424564,4.179350415300263,0.05916551859723972,0.0,0.0,1.0,1.0,0.0,0.0,0.0,1.0,0.0,0.0,0.0,0.0,1.0,0
0.16280796300032965,-0.5527137238424564,-0.5067873731938901,-0.9020440453887143,0.0,0.0,1.0,0.0,1.0,0.0,1.0,0.0,0.0,0.0,0.0,0.0,1.0,1
2.234237523877271,-0.5527137238424564,-0.5067873731938901,-0.6269500681148421,0.0,1.0,0.0,0.0,1.0,0.0,1.0,0.0,0.0,0.0,0.0,0.0,1.0,1
1.6128086556141885,1.5977353000691772,-0.5067873731938901,0.970310252296347,1.0,0.0,0.0,1.0,0.0,0.0,0.0,1.0,0.0,1.0,0.0,0.0,0.0,1
0.43899857111725515,-0.5527137238424564,-0.5067873731938901,0.28605543601345995,1.0,0.0,0.0,0.0,1.0,0.0,1.0,0.0,0.0,0.0,0.0,1.0,0.0,1
-0.9419544694673723,-0.5527137238424564,-0.5067873731938901,-0.879030209046522,0.0,0.0,1.0,0.0,1.0,0.0,1.0,0.0,0.0,0.0,0.0,0.0,1.0,0
-0.7348115133796782,-0.5527137238424564,-0.5067873731938901,-0.3128861258314239,0.0,0.0,1.0,0.0,1.0,0.0,1.0,0.0,0.0,0.0,0.0,0.0,1.0,0
0.3009032670587924,-0.5527137238424564,-0.5067873731938901,-0.419978337229253,0.0,1.0,0.0,1.0,0.0,1.0,0.0,0.0,0.0,0.0,0.0,0.0,1.0,1
0.6461415272049492,0.5225107881133605,-0.5067873731938901,1.0554077348093598,1.0,0.0,0.0,1.0,0.0,0.0,0.0,1.0,0.0,0.0,0.0,1.0,0.0,1
0.16280796300032965,-0.5527137238424564,-0.5067873731938901,-0.8936641754669489,0.0,0.0,1.0,0.0,1.0,0.0,1.0,0.0,0.0,0.0,0.0,0.0,1.0,1
-0.32052560120428997,0.5225107881133605,0.664747073929648,0.41641923293901867,0.0,1.0,0.0,1.0,0.0,1.0,0.0,0.0,0.0,0.0,0.0,0.0,1.0,1
0.6461415272049492,0.5225107881133605,0.664747073929648,1.7668408489361171,1.0,0.0,0.0,1.0,0.0,0.0,0.0,1.0,0.0,1.0,0.0,0.0,0.0,1
1.6818563076434199,-0.5527137238424564,-0.5067873731938901,0.27106225105153775,0.0,1.0,0.0,0.0,1.0,0.0,1.0,0.0,0.0,0.0,0.0,0.0,1.0,0
0.43899857111725515,-0.5527137238424564,-0.5067873731938901,0.7137916429840369,1.0,0.0,0.0,0.0,1.0,0.0,1.0,0.0,0.0,0.0,0.0,0.0,0.0,0
-0.8038591654089096,-0.5527137238424564,1.8362815210531864,1.4224276524917316,1.0,0.0,0.0,1.0,0.0,1.0,0.0,0.0,0.0,0.0,0.0,1.0,0.0,1
1.1985227434388002,-0.5527137238424564,-0.5067873731938901,-0.279481249545114,0.0,1.0,0.0,0.0,1.0,0.0,1.0,0.0,0.0,0.0,0.0,0.0,1.0,0
2.096142219818808,0.5225107881133605,0.664747073929648,1.4165404832503101,1.0,0.0,0.0,0.0,1.0,0.0,1.0,0.0,1.0,0.0,0.0,0.0,0.0,1
-0.527668557291984,-0.5527137238424564,-0.5067873731938901,-0.879030209046522,0.0,0.0,1.0,0.0,1.0,0.0,1.0,0.0,0.0,0.0,0.0,0.0,1.0,0
0.36995091908802374,-0.5527137238424564,-0.5067873731938901,-0.9924736424099293,0.0,0.0,1.0,0.0,1.0,0.0,1.0,0.0,0.0,0.0,0.0,0.0,1.0,0
1.5437610035849572,0.5225107881133605,-0.5067873731938901,1.4042244697347273,1.0,0.0,0.0,1.0,0.0,0.0,0.0,1.0,0.0,0.0,1.0,0.0,0.0,1
1.1985227434388002,-0.5527137238424564,-0.5067873731938901,-0.9764097391695418,0.0,0.0,1.0,0.0,1.0,0.0,1.0,0.0,0.0,0.0,0.0,0.0,1.0,0
0.5080462231464865,0.5225107881133605,-0.5067873731938901,0.27106225105153775,0.0,1.0,0.0,0.0,1.0,0.0,1.0,0.0,0.0,0.0,0.0,0.0,1.0,0
0.43899857111725515,0.5225107881133605,0.664747073929648,0.19638064772404645,0.0,0.0,1.0,0.0,1.0,0.0,1.0,0.0,0.0,0.0,0.0,0.0,1.0,0
1.3366180474972629,-0.5527137238424564,-0.5067873731938901,-3.196702684626884,0.0,0.0,1.0,0.0,1.0,0.0,1.0,0.0,0.0,0.0,0.0,0.0,1.0,0
1.3366180474972629,0.5225107881133605,-0.5067873731938901,1.0742690949447138,1.0,0.0,0.0,0.0,1.0,0.0,1.0,0.0,0.0,0.0,0.0,0.0,0.0,1
-0.3895732532335213,1.5977353000691772,0.664747073929648,0.3093270215411896,0.0,1.0,0.0,1.0,0.0,0.0,0.0,1.0,0.0,0.0,0.0,0.0,1.0,1
0.9913797873511061,-0.5527137238424564,-0.5067873731938901,-0.879030209046522,0.0,0.0,1.0,0.0,1.0,0.0,1.0,0.0,0.0,0.0,0.0,0.0,1.0,0
0.36995091908802374,-0.5527137238424564,-0.5067873731938901,0.2922798673255464,1.0,0.0,0.0,0.0,1.0,0.0,1.0,0.0,0.0,0.0,0.0,0.0,1.0,1
0.43899857111725515,0.5225107881133605,-0.5067873731938901,-0.24392082207200375,0.0,0.0,1.0,0.0,1.0,0.0,1.0,0.0,0.0,0.0,0.0,0.0,1.0,0
0.024712658941866902,-0.5527137238424564,-0.5067873731938901,-0.8971121971099152,0.0,0.0,1.0,0.0,1.0,0.0,1.0,0.0,0.0,0.0,0.0,0.0,1.0,0
-0.1824302971458272,-0.5527137238424564,-0.5067873731938901,0.43325423568214305,1.0,0.0,0.0,0.0,1.0,0.0,1.0,0.0,0.0,0.0,0.0,0.0,1.0,1
-0.527668557291984,0.5225107881133605,1.8362815210531864,0.750354028941727,0.0,1.0,0.0,1.0,0.0,0.0,0.0,1.0,0.0,0.0,0.0,0.0,1.0,1
0.7151891792341806,-0.5527137238424564,-0.5067873731938901,2.106158856818368,1.0,0.0,0.0,1.0,0.0,1.0,0.0,0.0,0.0,1.0,0.0,0.0,0.0,1
0.6461415272049492,0.5225107881133605,5.350884862423801,0.45882752275355093,0.0,0.0,1.0,1.0,0.0,0.0,0.0,1.0,0.0,0.0,0.0,0.0,1.0,0
0.36995091908802374,-0.5527137238424564,-0.5067873731938901,-0.879030209046522,0.0,0.0,1.0,0.0,1.0,0.0,1.0,0.0,0.0,0.0,0.0,0.0,1.0,0
-0.3895732532335213,0.5225107881133605,1.8362815210531864,1.2115063371417853,0.0,1.0,0.0,1.0,0.0,1.0,0.0,0.0,0.0,0.0,0.0,0.0,1.0,1
0.3009032670587924,0.5225107881133605,0.664747073929648,-0.31969628050860627,0.0,0.0,1.0,0.0,1.0,0.0,1.0,0.0,0.0,0.0,0.0,0.0,1.0,0
-0.25147794917505856,0.5225107881133605,-0.5067873731938901,-0.20952305600323512,0.0,0.0,1.0,1.0,0.0,0.0,0.0,1.0,0.0,0.0,0.0,0.0,1.0,0
-1.7705262938181487,1.5977353000691772,0.664747073929648,0.6846079939654414,0.0,1.0,0.0,1.0,0.0,1.0,0.0,0.0,0.0,0.0,0.0,0.0,0.0,1
-0.25147794917505856,-0.5527137238424564,-0.5067873731938901,-0.6269500681148421,0.0,1.0,0.0,0.0,1.0,0.0,1.0,0.0,0.0,0.0,0.0,0.0,1.0,0
-0.1824302971458272,0.5225107881133605,-0.5067873731938901,-0.3159997066988313,0.0,0.0,1.0,0.0,1.0,0.0,1.0,0.0,0.0,0.0,0.0,0.0,1.0,0
0.8532844832926434,0.5225107881133605,-0.5067873731938901,0.9916453480563139,1.0,0.0,0.0,0.0,1.0,0.0,1.0,0.0,0.0,0.0,1.0,0.0,0.0,1
-0.6657638613504469,0.5225107881133605,0.664747073929648,-0.23180354943037942,0.0,0.0,1.0,0.0,1.0,0.0,1.0,0.0,0.0,0.0,0.0,0.0,1.0,1
-0.5967162093212154,-0.5527137238424564,-0.5067873731938901,-0.9020440453887143,0.0,0.0,1.0,0.0,1.0,0.0,1.0,0.0,0.0,0.0,0.0,0.0,1.0,0
-0.5967162093212154,-0.5527137238424564,-0.5067873731938901,-0.20952305600323512,0.0,0.0,1.0,0.0,1.0,0.0,1.0,0.0,0.0,0.0,0.0,0.0,1.0,0
2.1651898718480393,-0.5527137238424564,-0.5067873731938901,0.49237990373138096,1.0,0.0,0.0,0.0,1.0,0.0,1.0,0.0,0.0,0.0,1.0,0.0,0.0,0
1.888999263731114,-0.5527137238424564,-0.5067873731938901,-0.46999926604992914,0.0,1.0,0.0,0.0,1.0,0.0,1.0,0.0,0.0,0.0,0.0,0.0,1.0,0
-0.5967162093212154,-0.5527137238424564,-0.5067873731938901,1.400122865486071,1.0,0.0,0.0,1.0,0.0,1.0,0.0,0.0,0.0,0.0,1.0,0.0,0.0,1
-0.25147794917505856,-0.5527137238424564,-0.5067873731938901,-0.8971121971099152,0.0,0.0,1.0,0.0,1.0,0.0,1.0,0.0,0.0,0.0,0.0,0.0,1.0,0
3.4770952604034355,-0.5527137238424564,-0.5067873731938901,0.41641923293901867,1.0,0.0,0.0,0.0,1.0,0.0,1.0,0.0,0.0,0.0,0.0,0.0,0.0,1
1.4747133515557256,-0.5527137238424564,-0.5067873731938901,-1.0016822279259074,0.0,0.0,1.0,0.0,1.0,0.0,1.0,0.0,0.0,0.0,0.0,0.0,1.0,0
0.16280796300032965,-0.5527137238424564,-0.5067873731938901,0.43325423568214305,1.0,0.0,0.0,0.0,1.0,0.0,0.0,1.0,1.0,0.0,0.0,0.0,0.0,1
-1.425288033671992,2.672959812024994,1.8362815210531864,0.3426144621195378,0.0,0.0,1.0,1.0,0.0,1.0,0.0,0.0,0.0,0.0,0.0,0.0,1.0,0
-0.11338264511659583,-0.5527137238424564,-0.5067873731938901,-0.419978337229253,0.0,1.0,0.0,1.0,0.0,1.0,0.0,0.0,0.0,0.0,0.0,0.0,1.0,1
0.16280796300032965,-0.5527137238424564,-0.5067873731938901,-0.8936641754669489,0.0,0.0,1.0,0.0,1.0,0.0,1.0,0.0,0.0,0.0,0.0,0.0,1.0,0
0.09376031097109827,0.5225107881133605,0.664747073929648,0.2807596950381525,0.0,1.0,0.0,0.0,1.0,0.0,1.0,0.0,0.0,0.0,0.0,0.0,1.0,0
0.7842368312634119,-0.5527137238424564,5.350884862423801,0.702538431710578,0.0,0.0,1.0,1.0,0.0,0.0,0.0,1.0,0.0,0.0,0.0,0.0,1.0,0
-0.6657638613504469,-0.5527137238424564,-0.5067873731938901,-0.9020440453887143,0.0,0.0,1.0,0.0,1.0,0.0,1.0,0.0,0.0,0.0,0.0,0.0,1.0,0
-0.3895732532335213,-0.5527137238424564,-0.5067873731938901,1.2779159093623937,1.0,0.0,0.0,1.0,0.0,1.0,0.0,0.0,1.0,0.0,0.0,0.0,0.0,1
-1.9086215978766115,2.672959812024994,1.8362815210531864,0.3426144621195378,0.0,0.0,1.0,1.0,0.0,1.0,0.0,0.0,0.0,0.0,0.0,0.0,1.0,0
-1.9949311629131508,1.5977353000691772,0.664747073929648,-0.03119565177524214,0.0,0.0,1.0,1.0,0.0,1.0,0.0,0.0,0.0,0.0,0.0,0.0,1.0,1
1.2675703954680315,0.5225107881133605,-0.5067873731938901,1.3836155780088364,1.0,0.0,0.0,0.0,1.0,0.0,1.0,0.0,0.0,0.0,1.0,0.0,0.0,1
-0.7348115133796782,-0.5527137238424564,-0.5067873731938901,-0.8971121971099152,0.0,0.0,1.0,0.0,1.0,0.0,1.0,0.0,0.0,0.0,0.0,0.0,1.0,0
1.8199516117018826,-0.5527137238424564,-0.5067873731938901,0.5882641772427607,1.0,0.0,0.0,0.0,1.0,0.0,1.0,0.0,0.0,0.0,0.0,0.0,0.0,1
-0.4586209052627527,-0.5527137238424564,-0.5067873731938901,-0.9388284147736776,0.0,0.0,1.0,1.0,0.0,1.0,0.0,0.0,0.0,0.0,0.0,0.0,1.0,1
-0.8038591654089096,-0.5527137238424564,0.664747073929648,0.14713503691058427,0.0,1.0,0.0,1.0,0.0,1.0,0.0,0.0,0.0,0.0,0.0,0.0,1.0,1
-0.5967162093212154,-0.5527137238424564,-0.5067873731938901,-0.8353851069582051,0.0,0.0,1.0,0.0,1.0,0.0,1.0,0.0,0.0,0.0,0.0,0.0,1.0,0
-0.8038591654089096,-0.5527137238424564,-0.5067873731938901,-1.0421914846018665,0.0,0.0,1.0,1.0,0.0,1.0,0.0,0.0,0.0,0.0,0.0,0.0,1.0,0
-0.3895732532335213,1.5977353000691772,-0.5067873731938901,1.3389702444426148,0.0,1.0,0.0,0.0,1.0,0.0,1.0,0.0,0.0,0.0,0.0,0.0,1.0,0
0.16280796300032965,0.5225107881133605,0.664747073929648,-0.24710438039909924,0.0,0.0,1.0,1.0,0.0,0.0,0.0,1.0,0.0,0.0,0.0,0.0,1.0,0
-0.4586209052627527,-0.5527137238424564,-0.5067873731938901,-0.419978337229253,0.0,1.0,0.0,0.0,1.0,0.0,1.0,0.0,0.0,0.0,0.0,0.0,1.0,0
1.9580469157603453,-0.5527137238424564,1.8362815210531864,1.7890956800462867,1.0,0.0,0.0,0.0,1.0,0.0,1.0,0.0,0.0,0.0,1.0,0.0,0.0,0
1.4056656995264942,1.5977353000691772,-0.5067873731938901,1.9617254753585347,1.0,0.0,0.0,0.0,1.0,0.0,0.0,1.0,0.0,0.0,0.0,0.0,1.0,1
0.7151891792341806,-0.5527137238424564,-0.5067873731938901,-0.9796029592969611,0.0,0.0,1.0,0.0,1.0,0.0,1.0,0.0,0.0,0.0,0.0,0.0,1.0,0
1.1985227434388002,-0.5527137238424564,-0.5067873731938901,0.2548634461859389,1.0,0.0,0.0,0.0,1.0,0.0,1.0,0.0,0.0,0.0,0.0,1.0,0.0,0
0.43899857111725515,-0.5527137238424564,-0.5067873731938901,-0.9455195113899686,0.0,0.0,1.0,0.0,1.0,0.0,1.0,0.0,0.0,0.0,0.0,0.0,1.0,0
-0.6657638613504469,0.5225107881133605,-0.5067873731938901,-0.8936641754669489,0.0,0.0,1.0,0.0,1.0,0.0,1.0,0.0,0.0,0.0,0.0,0.0,1.0,1
0.16280796300032965,1.5977353000691772,-0.5067873731938901,1.3389702444426148,0.0,1.0,0.0,0.0,1.0,0.0,1.0,0.0,0.0,0.0,0.0,0.0,1.0,0
-0.32052560120428997,-0.5527137238424564,-0.5067873731938901,-0.419978337229253,0.0,1.0,0.0,0.0,1.0,0.0,1.0,0.0,0.0,0.0,0.0,0.0,1.0,0
0.9223321353218747,-0.5527137238424564,-0.5067873731938901,-0.879030209046522,0.0,0.0,1.0,0.0,1.0,0.0,1.0,0.0,0.0,0.0,0.0,0.0,1.0,0
0.7151891792341806,0.5225107881133605,0.664747073929648,0.6846079939654414,0.0,1.0,0.0,1.0,0.0,0.0,0.0,1.0,0.0,0.0,0.0,0.0,1.0,1
0.09376031097109827,0.5225107881133605,-0.5067873731938901,0.9807003974968863,1.0,0.0,0.0,0.0,1.0,0.0,1.0,0.0,1.0,0.0,0.0,0.0,0.0,0
2.786618740111122,-0.5527137238424564,-0.5067873731938901,-0.6269500681148421,0.0,1.0,0.0,0.0,1.0,0.0,1.0,0.0,0.0,0.0,0.0,0.0,1.0,0
0.09376031097109827,-0.5527137238424564,-0.5067873731938901,-0.419978337229253,0.0,1.0,0.0,0.0,1.0,0.0,1.0,0.0,0.0,0.0,0.0,0.0,1.0,1
-0.8038591654089096,-0.5527137238424564,-0.5067873731938901,-0.9114979112935031,0.0,0.0,1.0,0.0,1.0,0.0,1.0,0.0,0.0,0.0,0.0,0.0,1.0,0
-0.35504942721890564,-0.5527137238424564,-0.5067873731938901,-0.879030209046522,0.0,0.0,1.0,0.0,1.0,0.0,1.0,0.0,0.0,0.0,0.0,0.0,1.0,0
-0.8038591654089096,-0.5527137238424564,-0.5067873731938901,-0.6889722884241407,0.0,0.0,1.0,1.0,0.0,1.0,0.0,0.0,0.0,0.0,0.0,0.0,1.0,1
0.9223321353218747,0.5225107881133605,6.522419309547339,0.8742460982759304,0.0,0.0,1.0,1.0,0.0,0.0,0.0,1.0,0.0,0.0,0.0,0.0,1.0,0
0.43899857111725515,-0.5527137238424564,0.664747073929648,3.369773524354297,1.0,0.0,0.0,0.0,1.0,0.0,1.0,0.0,1.0,0.0,0.0,0.0,0.0,1
-0.1824302971458272,-0.5527137238424564,-0.5067873731938901,1.3836155780088364,1.0,0.0,0.0,0.0,1.0,0.0,1.0,0.0,0.0,0.0,1.0,0.0,0.0,1
-0.6657638613504469,-0.5527137238424564,-0.5067873731938901,-0.7505914066326832,0.0,0.0,1.0,0.0,1.0,0.0,1.0,0.0,0.0,0.0,0.0,0.0,1.0,0
-1.080049773525835,4.823408835936628,1.8362815210531864,0.8742460982759304,0.0,0.0,1.0,0.0,1.0,0.0,1.0,0.0,0.0,0.0,0.0,0.0,1.0,0
2.096142219818808,0.5225107881133605,0.664747073929648,0.6846079939654414,0.0,1.0,0.0,0.0,1.0,0.0,1.0,0.0,0.0,0.0,0.0,0.0,1.0,0
-0.32052560120428997,0.5225107881133605,1.8362815210531864,0.750354028941727,0.0,1.0,0.0,0.0,1.0,0.0,1.0,0.0,0.0,0.0,0.0,0.0,1.0,0
-1.080049773525835,3.748184323980811,0.664747073929648,0.702538431710578,0.0,0.0,1.0,0.0,1.0,0.0,1.0,0.0,0.0,0.0,0.0,0.0,1.0,0
-0.7348115133796782,-0.5527137238424564,-0.5067873731938901,-0.6575089491315915,0.0,0.0,1.0,0.0,1.0,0.0,1.0,0.0,0.0,0.0,0.0,0.0,1.0,0
-0.8038591654089096,-0.5527137238424564,-0.5067873731938901,-0.9090068412352071,0.0,0.0,1.0,0.0,1.0,0.0,1.0,0.0,0.0,0.0,0.0,0.0,1.0,0
-1.0110021214966036,-0.5527137238424564,0.664747073929648,2.4409848103303697,1.0,0.0,0.0,1.0,0.0,1.0,0.0,0.0,1.0,0.0,0.0,0.0,0.0,1
0.09376031097109827,0.5225107881133605,-0.5067873731938901,1.0755542466950636,1.0,0.0,0.0,0.0,1.0,0.0,1.0,0.0,1.0,0.0,0.0,0.0,0.0,1
-1.7705262938181487,-0.5527137238424564,0.664747073929648,-0.38911840776329737,0.0,0.0,1.0,1.0,0.0,1.0,0.0,0.0,0.0,0.0,0.0,0.0,1.0,1
-0.32052560120428997,-0.5527137238424564,-0.5067873731938901,-0.9796029592969611,0.0,0.0,1.0,0.0,1.0,0.0,1.0,0.0,0.0,0.0,0.0,0.0,1.0,0
2.096142219818808,-0.5527137238424564,-0.5067873731938901,0.2922798673255464,1.0,0.0,0.0,0.0,1.0,0.0,1.0,0.0,0.0,0.0,0.0,0.0,1.0,0
1.5437610035849572,-0.5527137238424564,-0.5067873731938901,-0.38305647084582106,0.0,1.0,0.0,0.0,1.0,0.0,1.0,0.0,0.0,0.0,0.0,0.0,1.0,0
0.9913797873511061,-0.5527137238424564,-0.5067873731938901,-0.879030209046522,0.0,0.0,1.0,0.0,1.0,0.0,1.0,0.0,0.0,0.0,0.0,0.0,1.0,0
1.3366180474972629,0.5225107881133605,0.664747073929648,1.7668408489361171,1.0,0.0,0.0,0.0,1.0,0.0,1.0,0.0,0.0,1.0,0.0,0.0,0.0,0
0.8532844832926434,-0.5527137238424564,-0.5067873731938901,-0.9265937975673062,0.0,0.0,1.0,0.0,1.0,0.0,1.0,0.0,0.0,0.0,0.0,0.0,0.0,0
-0.8038591654089096,0.5225107881133605,-0.5067873731938901,2.5182859411603884,1.0,0.0,0.0,1.0,0.0,0.0,0.0,1.0,0.0,1.0,0.0,0.0,0.0,1
0.36995091908802374,-0.5527137238424564,-0.5067873731938901,0.2822066334615463,1.0,0.0,0.0,0.0,1.0,0.0,1.0,0.0,0.0,0.0,0.0,1.0,0.0,1
-0.8038591654089096,-0.5527137238424564,0.664747073929648,-0.3159997066988313,0.0,0.0,1.0,1.0,0.0,1.0,0.0,0.0,0.0,0.0,0.0,0.0,1.0,0
-0.32052560120428997,-0.5527137238424564,-0.5067873731938901,-0.9154983387918283,0.0,0.0,1.0,0.0,1.0,0.0,1.0,0.0,0.0,0.0,0.0,0.0,1.0,0
-0.25147794917505856,0.5225107881133605,-0.5067873731938901,-0.9020440453887143,0.0,0.0,1.0,0.0,1.0,0.0,1.0,0.0,0.0,0.0,0.0,0.0,1.0,0
0.6461415272049492,-0.5527137238424564,-0.5067873731938901,0.27106225105153775,0.0,1.0,0.0,0.0,1.0,0.0,1.0,0.0,0.0,0.0,0.0,0.0,1.0,0
1.0604274393803375,-0.5527137238424564,-0.5067873731938901,-0.38305647084582106,0.0,1.0,0.0,1.0,0.0,0.0,0.0,1.0,0.0,0.0,0.0,0.0,1.0,1
0.8532844832926434,-0.5527137238424564,-0.5067873731938901,0.2822066334615463,1.0,0.0,0.0,0.0,1.0,0.0,1.0,0.0,0.0,0.0,0.0,1.0,0.0,1
-0.527668557291984,-0.5527137238424564,-0.5067873731938901,2.0930499962924873,1.0,0.0,0.0,1.0,0.0,1.0,0.0,0.0,0.0,0.0,0.0,0.0,1.0,1
-0.3895732532335213,-0.5527137238424564,-0.5067873731938901,0.9299487739724974,1.0,0.0,0.0,1.0,0.0,1.0,0.0,0.0,0.0,1.0,0.0,0.0,0.0,1
1.2675703954680315,0.5225107881133605,-0.5067873731938901,0.9807003974968863,1.0,0.0,0.0,0.0,1.0,0.0,1.0,0.0,0.0,1.0,0.0,0.0,0.0,1
-0.044334993087364466,-0.5527137238424564,-0.5067873731938901,-0.7243421854807912,0.0,0.0,1.0,0.0,1.0,0.0,1.0,0.0,0.0,0.0,0.0,0.0,1.0,0
1.5437610035849572,-0.5527137238424564,-0.5067873731938901,-0.419978337229253,0.0,1.0,0.0,0.0,1.0,0.0,1.0,0.0,0.0,0.0,0.0,0.0,1.0,0
-0.7348115133796782,-0.5527137238424564,-0.5067873731938901,-0.9265937975673062,0.0,0.0,1.0,0.0,1.0,0.0,1.0,0.0,0.0,0.0,0.0,0.0,0.0,0
0.5770938751757179,-0.5527137238424564,-0.5067873731938901,2.5182859411603884,1.0,0.0,0.0,1.0,0.0,1.0,0.0,0.0,0.0,1.0,0.0,0.0,0.0,1
-0.1824302971458272,-0.5527137238424564,-0.5067873731938901,-0.6269500681148421,0.0,1.0,0.0,1.0,0.0,1.0,0.0,0.0,0.0,0.0,0.0,1.0,0.0,1
0.231855615029561,-0.5527137238424564,-0.5067873731938901,-0.9114979112935031,0.0,0.0,1.0,0.0,1.0,0.0,1.0,0.0,0.0,0.0,0.0,0.0,1.0,0
-1.632430989759686,-0.5527137238424564,0.664747073929648,0.5136112280424898,0.0,1.0,0.0,1.0,0.0,1.0,0.0,0.0,0.0,0.0,0.0,0.0,1.0,1
-0.8729068174381409,0.5225107881133605,-0.5067873731938901,-1.0016822279259074,0.0,0.0,1.0,0.0,1.0,0.0,1.0,0.0,0.0,0.0,0.0,0.0,1.0,0
0.3009032670587924,-0.5527137238424564,-0.5067873731938901,-0.419978337229253,0.0,1.0,0.0,0.0,1.0,0.0,1.0,0.0,0.0,0.0,0.0,0.0,1.0,0
1.4056656995264942,-0.5527137238424564,-0.5067873731938901,-0.419978337229253,0.0,1.0,0.0,0.0,1.0,0.0,1.0,0.0,0.0,0.0,0.0,0.0,1.0,0
-0.1824302971458272,0.5225107881133605,-0.5067873731938901,1.0023142620412646,1.0,0.0,0.0,0.0,1.0,0.0,1.0,0.0,0.0,0.0,0.0,1.0,0.0,1
-0.6657638613504469,-0.5527137238424564,-0.5067873731938901,-0.8101263745641574,0.0,0.0,1.0,0.0,1.0,0.0,1.0,0.0,0.0,0.0,0.0,0.0,1.0,0
0.024712658941866902,2.672959812024994,-0.5067873731938901,0.05558469191564552,0.0,1.0,0.0,1.0,0.0,0.0,0.0,1.0,0.0,0.0,0.0,0.0,1.0,1
-0.32052560120428997,0.5225107881133605,-0.5067873731938901,0.27106225105153775,0.0,1.0,0.0,0.0,1.0,0.0,1.0,0.0,0.0,0.0,0.0,0.0,1.0,0
-0.32052560120428997,0.5225107881133605,-0.5067873731938901,-0.8936641754669489,0.0,0.0,1.0,1.0,0.0,1.0,0.0,0.0,0.0,0.0,0.0,0.0,1.0,0
-0.044334993087364466,-0.5527137238424564,-0.5067873731938901,2.4409848103303697,1.0,0.0,0.0,1.0,0.0,1.0,0.0,0.0,1.0,0.0,0.0,0.0,0.0,1
-1.287192729613529,-0.5527137238424564,-0.5067873731938901,-0.055936434167795264,0.0,0.0,1.0,0.0,1.0,0.0,1.0,0.0,0.0,0.0,0.0,0.0,1.0,0
-0.4586209052627527,-0.5527137238424564,-0.5067873731938901,-0.419978337229253,0.0,1.0,0.0,0.0,1.0,0.0,1.0,0.0,0.0,0.0,0.0,0.0,1.0,0
-0.4586209052627527,-0.5527137238424564,-0.5067873731938901,-0.419978337229253,0.0,1.0,0.0,0.0,1.0,0.0,1.0,0.0,0.0,0.0,0.0,0.0,1.0,0
-0.07885881910198016,-0.5527137238424564,-0.5067873731938901,-0.20952305600323512,0.0,0.0,1.0,0.0,1.0,0.0,1.0,0.0,0.0,0.0,0.0,0.0,1.0,0
1.2675703954680315,0.5225107881133605,3.007815968176725,0.5553241409129361,0.0,0.0,1.0,1.0,0.0,0.0,0.0,1.0,0.0,0.0,0.0,0.0,1.0,0
0.36995091908802374,-0.5527137238424564,-0.5067873731938901,3.369773524354297,1.0,0.0,0.0,0.0,1.0,0.0,1.0,0.0,1.0,0.0,0.0,0.0,0.0,1
0.43899857111725515,0.5225107881133605,-0.5067873731938901,1.411938691115823,1.0,0.0,0.0,0.0,1.0,0.0,1.0,0.0,0.0,1.0,0.0,0.0,0.0,0
-0.5967162093212154,1.5977353000691772,1.8362815210531864,2.667623180027587,1.0,0.0,0.0,1.0,0.0,1.0,0.0,0.0,1.0,0.0,0.0,0.0,0.0,1
-0.3895732532335213,0.5225107881133605,-0.5067873731938901,-0.20952305600323512,0.0,0.0,1.0,0.0,1.0,0.0,1.0,0.0,0.0,0.0,0.0,0.0,1.0,0
0.09376031097109827,-0.5527137238424564,-0.5067873731938901,-0.8936641754669489,0.0,0.0,1.0,0.0,1.0,0.0,1.0,0.0,0.0,0.0,0.0,0.0,1.0,1
2.786618740111122,0.5225107881133605,0.664747073929648,1.3030566821367247,1.0,0.0,0.0,0.0,1.0,0.0,1.0,0.0,1.0,0.0,0.0,0.0,0.0,0
-0.9419544694673723,0.5225107881133605,0.664747073929648,0.01908975401216004,0.0,0.0,1.0,0.0,1.0,0.0,1.0,0.0,0.0,0.0,0.0,0.0,1.0,0
0.024712658941866902,-0.5527137238424564,-0.5067873731938901,-0.419978337229253,0.0,1.0,0.0,1.0,0.0,1.0,0.0,0.0,0.0,0.0,0.0,0.0,1.0,1
-0.7348115133796782,0.5225107881133605,-0.5067873731938901,1.0023142620412646,1.0,0.0,0.0,0.0,1.0,0.0,1.0,0.0,0.0,0.0,1.0,0.0,0.0,0
0.09376031097109827,-0.5527137238424564,-0.5067873731938901,-0.9144998112595822,0.0,0.0,1.0,0.0,1.0,0.0,1.0,0.0,0.0,0.0,0.0,0.0,1.0,0
-1.7705262938181487,0.5225107881133605,0.664747073929648,0.14713503691058427,0.0,1.0,0.0,1.0,0.0,1.0,0.0,0.0,0.0,0.0,0.0,0.0,1.0,1
-1.632430989759686,-0.5527137238424564,0.664747073929648,-0.4601933681927453,0.0,0.0,1.0,0.0,1.0,0.0,1.0,0.0,0.0,0.0,0.0,1.0,0.0,1
0.231855615029561,-0.5527137238424564,-0.5067873731938901,-0.7226674095439973,0.0,0.0,1.0,0.0,1.0,0.0,1.0,0.0,0.0,0.0,0.0,0.0,1.0,0
-0.4586209052627527,-0.5527137238424564,-0.5067873731938901,-0.8971121971099152,0.0,0.0,1.0,0.0,1.0,0.0,1.0,0.0,0.0,0.0,0.0,0.0,1.0,0
1.2675703954680315,0.5225107881133605,1.8362815210531864,1.2115063371417853,0.0,1.0,0.0,1.0,0.0,0.0,0.0,1.0,0.0,0.0,0.0,0.0,1.0,1
-2.000454975075489,0.5225107881133605,0.664747073929648,-0.3128861258314239,0.0,1.0,0.0,0.0,1.0,0.0,1.0,0.0,0.0,0.0,0.0,0.0,1.0,1
-0.11338264511659583,-0.5527137238424564,-0.5067873731938901,-0.9090068412352071,0.0,0.0,1.0,0.0,1.0,0.0,1.0,0.0,0.0,0.0,0.0,0.0,1.0,0
-0.8038591654089096,-0.5527137238424564,-0.5067873731938901,-0.5392188388353305,0.0,1.0,0.0,0.0,1.0,0.0,1.0,0.0,0.0,0.0,0.0,0.0,1.0,0
0.3009032670587924,-0.5527137238424564,-0.5067873731938901,-0.879030209046522,0.0,0.0,1.0,0.0,1.0,0.0,1.0,0.0,0.0,0.0,0.0,0.0,1.0,0
0.231855615029561,-0.5527137238424564,-0.5067873731938901,1.5082001497918582,1.0,0.0,0.0,1.0,0.0,0.0,0.0,1.0,1.0,0.0,0.0,0.0,0.0,1
0.7842368312634119,-0.5527137238424564,-0.5067873731938901,-0.9924736424099293,0.0,0.0,1.0,0.0,1.0,0.0,1.0,0.0,0.0,0.0,0.0,0.0,1.0,0
-0.6657638613504469,-0.5527137238424564,-0.5067873731938901,-0.9790658205678316,0.0,0.0,1.0,0.0,1.0,0.0,1.0,0.0,0.0,0.0,0.0,0.0,1.0,1
0.43899857111725515,0.5225107881133605,1.8362815210531864,1.8492613509172897,1.0,0.0,0.0,1.0,0.0,0.0,0.0,1.0,1.0,0.0,0.0,0.0,0.0,1
-0.9419544694673723,-0.5527137238424564,-0.5067873731938901,-0.9114979112935031,0.0,0.0,1.0,0.0,1.0,0.0,1.0,0.0,0.0,0.0,0.0,0.0,1.0,0
1.4747133515557256,0.5225107881133605,-0.5067873731938901,1.400122865486071,1.0,0.0,0.0,1.0,0.0,0.0,0.0,1.0,0.0,0.0,1.0,0.0,0.0,1
0.05923648495648259,-0.5527137238424564,-0.5067873731938901,-0.9144998112595822,0.0,0.0,1.0,1.0,0.0,1.0,0.0,0.0,0.0,0.0,0.0,0.0,1.0,0
0.16280796300032965,-0.5527137238424564,-0.5067873731938901,-0.8433117342060806,0.0,0.0,1.0,0.0,1.0,0.0,1.0,0.0,0.0,0.0,0.0,0.0,1.0,0
-0.3895732532335213,-0.5527137238424564,-0.5067873731938901,-0.7226674095439973,0.0,0.0,1.0,0.0,1.0,0.0,1.0,0.0,0.0,0.0,0.0,0.0,1.0,0
1.2675703954680315,-0.5527137238424564,-0.5067873731938901,-0.9020440453887143,0.0,0.0,1.0,0.0,1.0,0.0,1.0,0.0,0.0,0.0,0.0,0.0,1.0,0
1.888999263731114,-0.5527137238424564,-0.5067873731938901,-0.6269500681148421,0.0,1.0,0.0,1.0,0.0,0.0,0.0,1.0,0.0,0.0,0.0,1.0,0.0,0
1.6818563076434199,0.5225107881133605,3.007815968176725,0.14713503691058427,0.0,1.0,0.0,1.0,0.0,0.0,0.0,1.0,0.0,0.0,0.0,0.0,1.0,1
-0.8038591654089096,-0.5527137238424564,-0.5067873731938901,-0.9144998112595822,0.0,0.0,1.0,0.0,1.0,0.0,1.0,0.0,0.0,0.0,0.0,0.0,1.0,0
-1.7014786417889174,-0.5527137238424564,-0.5067873731938901,-0.4601933681927453,0.0,0.0,1.0,1.0,0.0,1.0,0.0,0.0,0.0,0.0,0.0,0.0,1.0,1
0.9223321353218747,-0.5527137238424564,0.664747073929648,2.4409848103303697,1.0,0.0,0.0,1.0,0.0,0.0,0.0,1.0,1.0,0.0,0.0,0.0,0.0,1
-1.1490974255550663,-0.5527137238424564,-0.5067873731938901,-0.9790658205678316,0.0,0.0,1.0,1.0,0.0,1.0,0.0,0.0,0.0,0.0,0.0,0.0,1.0,1
-0.8729068174381409,0.5225107881133605,-0.5067873731938901,1.0755542466950636,1.0,0.0,0.0,1.0,0.0,0.0,0.0,1.0,1.0,0.0,0.0,0.0,0.0,1
-0.044334993087364466,-0.5527137238424564,-0.5067873731938901,0.41641923293901867,1.0,0.0,0.0,0.0,1.0,0.0,1.0,0.0,0.0,0.0,1.0,0.0,0.0,0
-0.32052560120428997,-0.5527137238424564,-0.5067873731938901,-1.0022310405390933,0.0,0.0,1.0,0.0,1.0,0.0,1.0,0.0,0.0,0.0,0.0,0.0,1.0,0
-0.32052560120428997,-0.5527137238424564,-0.5067873731938901,-0.9764097391695418,0.0,0.0,1.0,0.0,1.0,0.0,1.0,0.0,0.0,0.0,0.0,0.0,1.0,0
-0.8038591654089096,-0.5527137238424564,-0.5067873731938901,-0.9455195113899686,0.0,0.0,1.0,1.0,0.0,1.0,0.0,0.0,0.0,0.0,0.0,0.0,1.0,1
-1.4943356857012233,3.748184323980811,0.664747073929648,0.38629383533178935,0.0,0.0,1.0,0.0,1.0,0.0,1.0,0.0,0.0,0.0,0.0,0.0,1.0,0
-1.9776692499058428,0.5225107881133605,1.8362815210531864,0.03505987720663727,0.0,0.0,1.0,0.0,1.0,0.0,1.0,0.0,0.0,0.0,0.0,0.0,1.0,1
1.1294750914095688,-0.5527137238424564,-0.5067873731938901,1.4165404832503101,1.0,0.0,0.0,0.0,1.0,0.0,1.0,0.0,1.0,0.0,0.0,0.0,0.0,0
-0.9419544694673723,-0.5527137238424564,-0.5067873731938901,0.27106225105153775,0.0,1.0,0.0,0.0,1.0,0.0,1.0,0.0,0.0,0.0,0.0,0.0,1.0,0
-0.32052560120428997,-0.5527137238424564,-0.5067873731938901,-0.8971121971099152,0.0,0.0,1.0,0.0,1.0,0.0,1.0,0.0,0.0,0.0,0.0,0.0,1.0,0
0.6461415272049492,-0.5527137238424564,-0.5067873731938901,-0.419978337229253,0.0,1.0,0.0,0.0,1.0,0.0,1.0,0.0,0.0,0.0,0.0,0.0,1.0,0
1.3366180474972629,-0.5527137238424564,-0.5067873731938901,0.2682996163125058,1.0,0.0,0.0,1.0,0.0,0.0,0.0,1.0,0.0,0.0,1.0,0.0,0.0,1
0.09376031097109827,-0.5527137238424564,-0.5067873731938901,-0.8078638633110375,0.0,0.0,1.0,1.0,0.0,0.0,0.0,1.0,0.0,0.0,0.0,0.0,1.0,1
0.024712658941866902,-0.5527137238424564,-0.5067873731938901,-0.9790658205678316,0.0,0.0,1.0,0.0,1.0,0.0,1.0,0.0,0.0,0.0,0.0,0.0,1.0,0
0.024712658941866902,0.5225107881133605,0.664747073929648,0.19638064772404645,0.0,0.0,1.0,1.0,0.0,0.0,0.0,1.0,0.0,0.0,0.0,0.0,1.0,0
0.3009032670587924,-0.5527137238424564,-0.5067873731938901,-0.419978337229253,0.0,1.0,0.0,0.0,1.0,0.0,1.0,0.0,0.0,0.0,0.0,0.0,1.0,0
0.09376031097109827,0.5225107881133605,0.664747073929648,0.2807596950381525,0.0,1.0,0.0,1.0,0.0,0.0,0.0,1.0,0.0,0.0,0.0,0.0,1.0,1
-1.287192729613529,0.5225107881133605,1.8362815210531864,1.8492613509172897,1.0,0.0,0.0,0.0,1.0,0.0,1.0,0.0,1.0,0.0,0.0,0.0,0.0,1
-2.0177168880827967,-0.5527137238424564,0.664747073929648,-0.826123772258859,0.0,0.0,1.0,0.0,1.0,0.0,1.0,0.0,0.0,0.0,0.0,0.0,1.0,1
-0.1824302971458272,-0.5527137238424564,-0.5067873731938901,-1.0120797728956175,0.0,0.0,1.0,0.0,1.0,0.0,1.0,0.0,0.0,0.0,0.0,0.0,1.0,1
0.09376031097109827,-0.5527137238424564,-0.5067873731938901,-0.9114979112935031,0.0,0.0,1.0,0.0,1.0,0.0,1.0,0.0,0.0,0.0,0.0,0.0,1.0,0
0.6461415272049492,-0.5527137238424564,-0.5067873731938901,-3.196702684626884,1.0,0.0,0.0,0.0,1.0,0.0,1.0,0.0,0.0,0.0,0.0,0.0,0.0,0
-0.8038591654089096,-0.5527137238424564,-0.5067873731938901,-0.9114979112935031,0.0,0.0,1.0,1.0,0.0,1.0,0.0,0.0,0.0,0.0,0.0,0.0,1.0,0
0.6461415272049492,-0.5527137238424564,-0.5067873731938901,-0.419978337229253,0.0,1.0,0.0,0.0,1.0,0.0,1.0,0.0,0.0,0.0,0.0,0.0,1.0,0
0.231855615029561,0.5225107881133605,-0.5067873731938901,1.0023142620412646,1.0,0.0,0.0,1.0,0.0,0.0,0.0,1.0,0.0,0.0,0.0,1.0,0.0,1
-0.25147794917505856,-0.5527137238424564,-0.5067873731938901,-0.8980943513778604,0.0,0.0,1.0,0.0,1.0,0.0,1.0,0.0,0.0,0.0,0.0,0.0,1.0,0
0.6461415272049492,-0.5527137238424564,-0.5067873731938901,0.19638064772404645,0.0,0.0,1.0,0.0,1.0,0.0,1.0,0.0,0.0,0.0,0.0,0.0,1.0,0
0.36995091908802374,-0.5527137238424564,-0.5067873731938901,-0.6269500681148421,0.0,1.0,0.0,0.0,1.0,0.0,1.0,0.0,0.0,0.0,0.0,0.0,1.0,0
-1.632430989759686,3.748184323980811,1.8362815210531864,0.45882752275355093,0.0,0.0,1.0,1.0,0.0,1.0,0.0,0.0,0.0,0.0,0.0,0.0,1.0,0
0.05923648495648259,-0.5527137238424564,-0.5067873731938901,-0.879030209046522,0.0,0.0,1.0,0.0,1.0,0.0,1.0,0.0,0.0,0.0,0.0,0.0,1.0,0
-0.4586209052627527,-0.5527137238424564,-0.5067873731938901,-0.8936641754669489,0.0,0.0,1.0,1.0,0.0,1.0,0.0,0.0,0.0,0.0,0.0,0.0,1.0,0
0.09376031097109827,0.5225107881133605,0.664747073929648,0.6307552588860333,0.0,1.0,0.0,0.0,1.0,0.0,1.0,0.0,0.0,0.0,0.0,0.0,1.0,0
0.9223321353218747,-0.5527137238424564,-0.5067873731938901,-1.0837297166088251,0.0,0.0,1.0,0.0,1.0,0.0,1.0,0.0,0.0,0.0,0.0,0.0,1.0,0
-1.3562403816427606,2.672959812024994,1.8362815210531864,0.3426144621195378,0.0,0.0,1.0,0.0,1.0,0.0,1.0,0.0,0.0,0.0,0.0,0.0,1.0,0
1.5437610035849572,0.5225107881133605,0.664747073929648,1.5891758809082839,1.0,0.0,0.0,1.0,0.0,0.0,0.0,1.0,1.0,0.0,0.0,0.0,0.0,1
-0.1824302971458272,-0.5527137238424564,-0.5067873731938901,-0.8101263745641574,0.0,0.0,1.0,0.0,1.0,0.0,1.0,0.0,0.0,0.0,0.0,0.0,1.0,1
0.5770938751757179,-0.5527137238424564,-0.5067873731938901,-3.196702684626884,1.0,0.0,0.0,0.0,1.0,0.0,1.0,0.0,0.0,0.0,0.0,0.0,1.0,0
-0.1824302971458272,-0.5527137238424564,0.664747073929648,-0.4601933681927453,0.0,0.0,1.0,1.0,0.0,0.0,0.0,1.0,0.0,0.0,0.0,1.0,0.0,1
-1.9086215978766115,3.748184323980811,0.664747073929648,0.702538431710578,0.0,0.0,1.0,0.0,1.0,0.0,1.0,0.0,0.0,0.0,0.0,0.0,1.0,0
-1.9776692499058428,-0.5527137238424564,1.8362815210531864,0.6307552588860333,0.0,1.0,0.0,0.0,1.0,0.0,1.0,0.0,0.0,0.0,0.0,0.0,1.0,1
-1.0110021214966036,0.5225107881133605,-0.5067873731938901,-0.3159997066988313,0.0,0.0,1.0,1.0,0.0,0.0,0.0,1.0,0.0,0.0,0.0,0.0,1.0,1
-1.9894073507508123,0.5225107881133605,0.664747073929648,-0.057932322008258576,0.0,1.0,0.0,0.0,1.0,0.0,1.0,0.0,0.0,0.0,0.0,0.0,1.0,1
-0.4586209052627527,-0.5527137238424564,-0.5067873731938901,-0.9020440453887143,0.0,0.0,1.0,0.0,1.0,0.0,1.0,0.0,0.0,0.0,0.0,0.0,1.0,0
-0.8038591654089096,-0.5527137238424564,-0.5067873731938901,-0.850359082886281,0.0,0.0,1.0,0.0,1.0,0.0,1.0,0.0,0.0,0.0,0.0,0.0,1.0,0
0.6461415272049492,0.5225107881133605,0.664747073929648,1.467229631182666,1.0,0.0,0.0,1.0,0.0,1.0,0.0,0.0,0.0,0.0,0.0,1.0,0.0,1
-0.5967162093212154,-0.5527137238424564,-0.5067873731938901,-0.8101263745641574,0.0,0.0,1.0,0.0,1.0,0.0,1.0,0.0,0.0,0.0,0.0,0.0,1.0,0
0.16280796300032965,-0.5527137238424564,-0.5067873731938901,1.0663676775514903,0.0,0.0,1.0,0.0,1.0,0.0,1.0,0.0,0.0,0.0,0.0,0.0,1.0,1
-0.6657638613504469,-0.5527137238424564,-0.5067873731938901,-0.8936641754669489,0.0,0.0,1.0,0.0,1.0,0.0,1.0,0.0,0.0,0.0,0.0,0.0,1.0,0
-0.9419544694673723,-0.5527137238424564,-0.5067873731938901,-0.6269500681148421,0.0,1.0,0.0,0.0,1.0,0.0,1.0,0.0,0.0,0.0,0.0,0.0,1.0,0
0.024712658941866902,-0.5527137238424564,-0.5067873731938901,0.44982410922532856,1.0,0.0,0.0,1.0,0.0,1.0,0.0,0.0,0.0,0.0,0.0,0.0,1.0,1
0.33542709307340807,-0.5527137238424564,-0.5067873731938901,-1.0854965771825342,0.0,0.0,1.0,0.0,1.0,0.0,1.0,0.0,0.0,0.0,0.0,0.0,1.0,0
-0.8729068174381409,-0.5527137238424564,-0.5067873731938901,-0.8101263745641574,0.0,0.0,1.0,0.0,1.0,0.0,1.0,0.0,0.0,0.0,0.0,0.0,1.0,0
0.8532844832926434,-0.5527137238424564,-0.5067873731938901,-0.9388284147736776,0.0,0.0,1.0,0.0,1.0,0.0,1.0,0.0,0.0,0.0,0.0,0.0,1.0,0
0.36995091908802374,-0.5527137238424564,-0.5067873731938901,-0.8971121971099152,0.0,0.0,1.0,0.0,1.0,0.0,1.0,0.0,0.0,0.0,0.0,0.0,1.0,0
-0.11338264511659583,-0.5527137238424564,0.664747073929648,0.5136112280424898,0.0,1.0,0.0,0.0,1.0,0.0,1.0,0.0,0.0,0.0,0.0,0.0,1.0,0
-1.7705262938181487,3.748184323980811,1.8362815210531864,0.45882752275355093,0.0,0.0,1.0,0.0,1.0,0.0,1.0,0.0,0.0,0.0,0.0,0.0,1.0,0
3.0628093482280474,-0.5527137238424564,-0.5067873731938901,-0.9114979112935031,0.0,0.0,1.0,0.0,1.0,0.0,1.0,0.0,0.0,0.0,0.0,0.0,1.0,0
-1.425288033671992,0.5225107881133605,0.664747073929648,-0.26344026303171897,0.0,0.0,1.0,1.0,0.0,1.0,0.0,0.0,0.0,0.0,0.0,0.0,1.0,0
-0.9419544694673723,-0.5527137238424564,0.664747073929648,0.6950773860603385,1.0,0.0,0.0,1.0,0.0,1.0,0.0,0.0,0.0,0.0,1.0,0.0,0.0,1
0.9913797873511061,0.5225107881133605,-0.5067873731938901,0.27106225105153775,0.0,1.0,0.0,1.0,0.0,0.0,0.0,1.0,0.0,0.0,0.0,0.0,1.0,0
-0.8038591654089096,-0.5527137238424564,0.664747073929648,-0.7378067387140014,0.0,0.0,1.0,1.0,0.0,0.0,0.0,1.0,0.0,0.0,0.0,0.0,1.0,1
1.0604274393803375,0.5225107881133605,0.664747073929648,2.1811078530311714,1.0,0.0,0.0,1.0,0.0,0.0,0.0,1.0,0.0,0.0,0.0,0.0,1.0,1
1.4747133515557256,-0.5527137238424564,-0.5067873731938901,0.2922798673255464,1.0,0.0,0.0,0.0,1.0,0.0,1.0,0.0,0.0,0.0,0.0,1.0,0.0,1
-0.3895732532335213,-0.5527137238424564,3.007815968176725,-0.03119565177524214,0.0,0.0,1.0,1.0,0.0,0.0,0.0,1.0,0.0,0.0,0.0,0.0,1.0,1
0.7842368312634119,1.5977353000691772,-0.5067873731938901,-0.33981709675504806,0.0,0.0,1.0,0.0,1.0,0.0,1.0,0.0,0.0,0.0,0.0,0.0,1.0,0
-0.5967162093212154,0.5225107881133605,-0.5067873731938901,-0.5392188388353305,0.0,1.0,0.0,0.0,1.0,0.0,1.0,0.0,0.0,0.0,0.0,0.0,1.0,0
1.2675703954680315,-0.5527137238424564,-0.5067873731938901,0.2682996163125058,1.0,0.0,0.0,1.0,0.0,0.0,0.0,1.0,0.0,0.0,1.0,0.0,0.0,1
-0.3895732532335213,-0.5527137238424564,-0.5067873731938901,-0.419978337229253,0.0,1.0,0.0,0.0,1.0,0.0,1.0,0.0,0.0,0.0,0.0,0.0,1.0,0
0.8532844832926434,-0.5527137238424564,-0.5067873731938901,-0.419978337229253,0.0,1.0,0.0,1.0,0.0,0.0,0.0,1.0,0.0,0.0,0.0,0.0,1.0,1
-0.1824302971458272,0.5225107881133605,-0.5067873731938901,-0.357373136402696,0.0,1.0,0.0,1.0,0.0,1.0,0.0,0.0,0.0,0.0,0.0,0.0,1.0,1
0.09376031097109827,-0.5527137238424564,-0.5067873731938901,0.9504068113502726,1.0,0.0,0.0,0.0,1.0,0.0,1.0,0.0,0.0,0.0,0.0,0.0,0.0,0
-1.7705262938181487,0.5225107881133605,0.664747073929648,-0.5705469590568808,0.0,0.0,1.0,0.0,1.0,0.0,1.0,0.0,0.0,0.0,0.0,0.0,1.0,1
-0.25147794917505856,-0.5527137238424564,-0.5067873731938901,-0.8971121971099152,0.0,0.0,1.0,0.0,1.0,0.0,1.0,0.0,0.0,0.0,0.0,0.0,1.0,0
1.1985227434388002,0.5225107881133605,0.664747073929648,0.9916453480563139,1.0,0.0,0.0,1.0,0.0,0.0,0.0,1.0,0.0,0.0,1.0,0.0,0.0,1
0.231855615029561,-0.5527137238424564,-0.5067873731938901,-1.311475680630301,1.0,0.0,0.0,0.0,1.0,0.0,1.0,0.0,1.0,0.0,0.0,0.0,0.0,0
1.1985227434388002,-0.5527137238424564,-0.5067873731938901,-0.7740027235754433,0.0,0.0,1.0,0.0,1.0,0.0,1.0,0.0,0.0,0.0,0.0,0.0,1.0,0
-0.11338264511659583,0.5225107881133605,-0.5067873731938901,0.1900865199351116,0.0,1.0,0.0,1.0,0.0,0.0,0.0,1.0,0.0,0.0,0.0,0.0,1.0,1
-1.0110021214966036,-0.5527137238424564,-0.5067873731938901,-0.9796029592969611,0.0,0.0,1.0,1.0,0.0,1.0,0.0,0.0,0.0,0.0,0.0,0.0,1.0,1
-0.6657638613504469,-0.5527137238424564,-0.5067873731938901,-0.6885744668705827,0.0,0.0,1.0,0.0,1.0,0.0,1.0,0.0,0.0,0.0,0.0,0.0,1.0,0
-0.7348115133796782,-0.5527137238424564,-0.5067873731938901,-0.8971121971099152,0.0,0.0,1.0,0.0,1.0,0.0,1.0,0.0,0.0,0.0,0.0,0.0,1.0,0
1.8199516117018826,-0.5527137238424564,0.664747073929648,1.467229631182666,1.0,0.0,0.0,1.0,0.0,0.0,0.0,1.0,0.0,1.0,0.0,0.0,0.0,1
-0.32052560120428997,-0.5527137238424564,0.664747073929648,0.27106225105153775,0.0,1.0,0.0,1.0,0.0,0.0,0.0,1.0,0.0,0.0,0.0,0.0,1.0,1
0.231855615029561,-0.5527137238424564,-0.5067873731938901,-0.8971121971099152,0.0,0.0,1.0,0.0,1.0,0.0,1.0,0.0,0.0,0.0,0.0,0.0,1.0,0
-0.527668557291984,-0.5527137238424564,-0.5067873731938901,-0.6254232495586878,0.0,0.0,1.0,1.0,0.0,1.0,0.0,0.0,0.0,0.0,0.0,0.0,1.0,0
-0.11338264511659583,-0.5527137238424564,-0.5067873731938901,-0.6269500681148421,0.0,1.0,0.0,0.0,1.0,0.0,1.0,0.0,0.0,0.0,0.0,0.0,1.0,0
-0.32052560120428997,-0.5527137238424564,-0.5067873731938901,-1.0022310405390933,0.0,0.0,1.0,0.0,1.0,0.0,1.0,0.0,0.0,0.0,0.0,0.0,1.0,0
0.6461415272049492,-0.5527137238424564,5.350884862423801,0.38629383533178935,0.0,0.0,1.0,1.0,0.0,0.0,0.0,1.0,0.0,0.0,0.0,0.0,1.0,0
-0.1824302971458272,-0.5527137238424564,-0.5067873731938901,-0.419978337229253,0.0,1.0,0.0,0.0,1.0,0.0,1.0,0.0,0.0,0.0,0.0,0.0,1.0,0
-0.7348115133796782,-0.5527137238424564,-0.5067873731938901,0.41641923293901867,1.0,0.0,0.0,1.0,0.0,1.0,0.0,0.0,1.0,0.0,0.0,0.0,0.0,1
-0.25147794917505856,-0.5527137238424564,-0.5067873731938901,0.41641923293901867,1.0,0.0,0.0,0.0,1.0,0.0,1.0,0.0,0.0,1.0,0.0,0.0,0.0,1
0.16280796300032965,-0.5527137238424564,-0.5067873731938901,-0.9144998112595822,0.0,0.0,1.0,0.0,1.0,0.0,1.0,0.0,0.0,0.0,0.0,0.0,1.0,0
